DROP TABLE IF EXISTS "Pais";
DROP TABLE IF EXISTS "Categoria";
DROP TABLE IF EXISTS "EstadoLeilao";
DROP TABLE IF EXISTS "Utilizador";
DROP TABLE IF EXISTS "HistoricoBanidos";
DROP TABLE IF EXISTS "Mensagem";
DROP TABLE IF EXISTS "ClassificacaoLeilao";
DROP TABLE IF EXISTS "Licitacao";
DROP TABLE IF EXISTS "Pagamento";


DROP TABLE IF EXISTS "Leilao";

INSERT INTO "Leilao" (id_leilao,nome_produto,descricao,imagem_produto,data_inicio,data_fim,valorbase,id_vendedor,id_estado_leilao,id_categoria,id_moderador) VALUES (1,'augue.','est. Nunc laoreet lectus quis massa. Mauris vestibulum, neque sed dictum eleifend, nunc risus varius orci, in consequat enim diam','Nulla','10/11/2013','19/10/2015','€52,771',22,1,9,4),(2,'sed, sapien. Nunc','ornare sagittis felis. Donec tempor, est ac mattis semper, dui','molestie','12/04/2013','21/10/2015','€17,647',28,2,86,4),(3,'In','Donec at arcu. Vestibulum ante ipsum primis in faucibus orci luctus et ultrices posuere','Ut','07/02/2014','11/09/2015','€54,556',72,3,21,1),(4,'velit.','felis, adipiscing fringilla, porttitor vulputate, posuere vulputate, lacus. Cras interdum. Nunc sollicitudin commodo ipsum. Suspendisse','litora','31/05/2013','13/07/2015','€62,946',31,4,40,1),(5,'vel lectus.','lacinia at, iaculis quis, pede. Praesent eu dui. Cum sociis natoque penatibus et magnis','lorem','03/02/2014','14/01/2017','€42,899',99,5,42,5),(6,'iaculis odio.','et, lacinia vitae, sodales at, velit. Pellentesque ultricies dignissim lacus. Aliquam rutrum','et','26/02/2014','03/11/2016','€44,498',19,6,84,3),(7,'ligula. Nullam feugiat placerat','a, dui. Cras pellentesque. Sed dictum. Proin eget odio. Aliquam vulputate ullamcorper magna. Sed eu eros. Nam','tempus,','16/11/2013','29/08/2015','€88,169',82,7,56,3),(8,'elementum, lorem ut','lectus justo eu arcu. Morbi sit amet massa. Quisque porttitor eros nec','Aliquam','30/03/2014','31/12/2015','€119,100',57,8,68,3),(9,'luctus aliquet odio.','accumsan neque et nunc. Quisque ornare tortor at risus. Nunc ac sem ut dolor dapibus','amet,','28/04/2013','13/08/2016','€50,249',71,9,14,2),(10,'mus. Proin vel arcu','sodales elit erat vitae risus. Duis a mi fringilla mi lacinia mattis. Integer eu','ac','09/09/2013','09/04/2016','€162,009',97,10,61,4),(11,'fermentum metus. Aenean sed','venenatis lacus. Etiam bibendum fermentum metus. Aenean sed pede nec ante blandit viverra. Donec','rhoncus.','07/06/2013','23/12/2016','€151,618',16,11,16,4),(12,'arcu. Vestibulum ante','ultrices, mauris ipsum porta elit, a feugiat tellus lorem eu metus. In lorem. Donec elementum, lorem','a,','19/08/2013','24/05/2015','€10,587',65,12,25,1),(13,'cursus non, egestas a,','Proin vel nisl. Quisque fringilla euismod enim. Etiam gravida molestie','leo.','08/02/2014','12/02/2016','€101,535',65,13,56,1),(14,'interdum','semper tellus id nunc interdum feugiat. Sed nec metus facilisis lorem tristique aliquet. Phasellus fermentum convallis ligula.','orci.','01/05/2013','21/07/2016','€2,892',33,14,51,3),(15,'ligula. Aliquam erat','inceptos hymenaeos. Mauris ut quam vel sapien imperdiet ornare. In faucibus.','a,','03/11/2013','02/04/2016','€46,306',38,15,50,5),(16,'a feugiat','iaculis, lacus pede sagittis augue, eu tempor erat neque non quam. Pellentesque habitant morbi tristique senectus et netus et','adipiscing','24/07/2013','01/01/2017','€78,922',60,16,42,5),(17,'accumsan sed, facilisis','lacinia orci, consectetuer euismod est arcu ac orci. Ut semper pretium','ut','15/07/2013','22/04/2016','€184,809',86,17,69,3),(18,'Duis at lacus. Quisque','feugiat metus sit amet ante. Vivamus non lorem vitae odio sagittis semper. Nam tempor diam dictum sapien. Aenean massa.','at,','01/06/2013','23/09/2016','€174,941',88,18,67,2),(19,'sem elit,','Curabitur vel lectus. Cum sociis natoque penatibus et magnis dis parturient','dolor.','24/08/2013','25/10/2015','€40,552',59,19,16,5),(20,'sit amet,','Etiam vestibulum massa rutrum magna. Cras convallis convallis dolor. Quisque tincidunt pede','mauris','22/02/2014','06/12/2016','€80,256',21,20,27,1),(21,'ac turpis egestas.','sed leo. Cras vehicula aliquet libero. Integer in magna. Phasellus dolor elit, pellentesque a, facilisis non, bibendum sed, est. Nunc','convallis','09/03/2014','09/08/2015','€135,680',56,21,77,4),(22,'et magnis dis parturient','cursus. Nunc mauris elit, dictum eu, eleifend nec, malesuada ut,','sed','09/04/2013','07/07/2015','€139,999',29,22,77,1),(23,'in consequat enim','Nullam vitae diam. Proin dolor. Nulla semper tellus id nunc interdum feugiat. Sed','nulla.','25/12/2013','07/10/2015','€67,622',62,23,62,3),(24,'Donec est mauris, rhoncus','ac facilisis facilisis, magna tellus faucibus leo, in lobortis tellus justo sit amet','mollis.','15/02/2014','02/11/2016','€47,831',76,24,23,2),(25,'gravida','Ut tincidunt vehicula risus. Nulla eget metus eu erat semper','Lorem','10/03/2014','22/10/2016','€189,236',26,25,78,2),(26,'sed','Nulla tempor augue ac ipsum. Phasellus vitae mauris sit amet lorem semper','vulputate,','06/01/2014','07/07/2016','€161,321',12,26,8,5),(27,'convallis erat,','justo sit amet nulla. Donec non justo. Proin non massa','tellus.','03/06/2013','23/05/2015','€18,400',30,27,54,1),(28,'ad litora torquent','felis purus ac tellus. Suspendisse sed dolor. Fusce mi lorem, vehicula et,','Duis','14/07/2013','23/04/2016','€56,665',32,28,64,5),(29,'dignissim.','Quisque varius. Nam porttitor scelerisque neque. Nullam nisl. Maecenas malesuada fringilla est. Mauris eu turpis. Nulla aliquet. Proin velit.','orci.','06/12/2013','05/09/2015','€199,135',89,29,97,2),(30,'Vivamus','vitae semper egestas, urna justo faucibus lectus, a sollicitudin orci sem','Duis','21/01/2014','13/04/2015','€71,046',27,30,63,2),(31,'parturient montes, nascetur ridiculus','eget magna. Suspendisse tristique neque venenatis lacus. Etiam bibendum fermentum metus. Aenean sed pede nec ante blandit viverra.','eu,','31/12/2013','07/08/2015','€64,224',70,31,38,4),(32,'a','sed turpis nec mauris blandit mattis. Cras eget nisi dictum augue malesuada malesuada. Integer','vitae,','19/06/2013','26/07/2016','€47,324',65,32,79,1),(33,'natoque','montes, nascetur ridiculus mus. Aenean eget magna. Suspendisse tristique neque venenatis lacus.','Ut','03/06/2013','22/05/2015','€39,275',78,33,40,2),(34,'magnis','Curae; Donec tincidunt. Donec vitae erat vel pede blandit congue. In scelerisque scelerisque','nunc','17/10/2013','24/08/2015','€128,698',21,34,76,4),(35,'pellentesque eget, dictum','et netus et malesuada fames ac turpis egestas. Aliquam fringilla cursus purus. Nullam scelerisque neque sed sem egestas blandit. Nam','ultricies','01/09/2013','19/02/2016','€106,362',59,35,59,4),(36,'arcu. Aliquam ultrices iaculis','blandit. Nam nulla magna, malesuada vel, convallis in, cursus et, eros. Proin','non','08/02/2014','18/12/2015','€103,323',82,36,44,1),(37,'lorem','dictum cursus. Nunc mauris elit, dictum eu, eleifend nec, malesuada ut, sem.','fermentum','06/04/2013','03/10/2015','€153,764',72,37,71,5),(38,'Pellentesque ultricies dignissim lacus.','a, facilisis non, bibendum sed, est. Nunc laoreet lectus quis massa.','sagittis.','26/07/2013','20/11/2015','€43,993',55,38,37,4),(39,'Duis risus odio, auctor','lobortis tellus justo sit amet nulla. Donec non justo. Proin non massa','Nunc','26/11/2013','05/02/2017','€199,126',74,39,100,3),(40,'Aliquam adipiscing lobortis risus.','et, magna. Praesent interdum ligula eu enim. Etiam imperdiet dictum magna. Ut tincidunt orci quis lectus. Nullam','dolor.','26/09/2013','01/03/2016','€172,128',24,40,97,1),(41,'Aenean gravida nunc sed','tortor. Integer aliquam adipiscing lacus. Ut nec urna et arcu imperdiet ullamcorper. Duis at lacus. Quisque','ante','27/09/2013','29/10/2015','€57,369',88,41,37,4),(42,'tincidunt, nunc','Morbi accumsan laoreet ipsum. Curabitur consequat, lectus sit amet luctus vulputate, nisi sem semper erat, in consectetuer','Phasellus','01/10/2013','26/04/2015','€169,620',100,42,9,4),(43,'fringilla ornare placerat, orci','ut quam vel sapien imperdiet ornare. In faucibus. Morbi vehicula. Pellentesque tincidunt tempus risus. Donec egestas. Duis ac','at','04/05/2013','27/04/2016','€123,719',67,43,77,3),(44,'Ut sagittis','semper egestas, urna justo faucibus lectus, a sollicitudin orci sem eget massa. Suspendisse','Nulla','14/05/2013','16/08/2015','€7,413',98,44,17,1),(45,'bibendum fermentum metus.','turpis. In condimentum. Donec at arcu. Vestibulum ante ipsum primis in faucibus orci luctus et','rhoncus.','25/02/2014','06/04/2017','€148,670',79,45,4,5),(46,'sociosqu ad litora','Nulla facilisi. Sed neque. Sed eget lacus. Mauris non dui nec urna suscipit nonummy. Fusce fermentum fermentum arcu. Vestibulum','fringilla,','10/06/2013','04/07/2015','€166,451',97,46,88,5),(47,'malesuada id, erat. Etiam','lacinia. Sed congue, elit sed consequat auctor, nunc nulla vulputate','Sed','15/09/2013','04/05/2015','€130,442',36,47,68,3),(48,'Cras convallis convallis','faucibus orci luctus et ultrices posuere cubilia Curae; Donec tincidunt. Donec','ac','20/01/2014','24/08/2016','€78,927',92,48,62,4),(49,'ultrices. Duis volutpat','Suspendisse aliquet molestie tellus. Aenean egestas hendrerit neque. In ornare sagittis felis. Donec tempor, est ac mattis semper,','Fusce','17/07/2013','13/03/2016','€46,911',12,49,36,5),(50,'facilisis facilisis, magna','eleifend, nunc risus varius orci, in consequat enim diam vel arcu.','magna.','01/11/2013','31/07/2016','€113,906',72,50,55,2),(51,'non leo. Vivamus nibh','nascetur ridiculus mus. Proin vel nisl. Quisque fringilla euismod enim. Etiam gravida molestie','Duis','09/09/2013','21/11/2015','€81,219',83,51,45,5),(52,'et,','non, vestibulum nec, euismod in, dolor. Fusce feugiat. Lorem ipsum dolor sit amet, consectetuer adipiscing elit. Aliquam auctor, velit eget','Vestibulum','03/05/2013','14/05/2016','€187,571',96,52,90,1),(53,'dui. Cras pellentesque.','mauris ipsum porta elit, a feugiat tellus lorem eu metus.','quam','19/01/2014','31/08/2016','€9,013',76,53,100,1),(54,'sem egestas','lectus. Nullam suscipit, est ac facilisis facilisis, magna tellus faucibus leo,','in','05/04/2013','11/11/2016','€49,623',38,54,67,2),(55,'blandit. Nam','Donec non justo. Proin non massa non ante bibendum ullamcorper. Duis cursus, diam at pretium','posuere','17/04/2013','07/02/2017','€123,371',62,55,39,3),(56,'dui,','felis, adipiscing fringilla, porttitor vulputate, posuere vulputate, lacus. Cras interdum. Nunc sollicitudin commodo ipsum. Suspendisse','at','23/01/2014','10/07/2016','€75,961',28,56,57,5),(57,'convallis in, cursus','quis accumsan convallis, ante lectus convallis est, vitae sodales nisi magna sed dui. Fusce aliquam, enim nec','blandit','28/07/2013','20/09/2015','€117,611',39,57,54,4),(58,'in, cursus et,','risus. Morbi metus. Vivamus euismod urna. Nullam lobortis quam a felis ullamcorper viverra. Maecenas iaculis aliquet diam.','sollicitudin','31/07/2013','21/01/2017','€95,541',68,58,48,3),(59,'urna. Nunc','ipsum primis in faucibus orci luctus et ultrices posuere cubilia Curae; Phasellus ornare. Fusce mollis.','pretium','31/07/2013','18/08/2015','€62,709',58,59,44,5),(60,'convallis','Cum sociis natoque penatibus et magnis dis parturient montes, nascetur ridiculus mus. Donec dignissim magna a tortor.','Class','26/11/2013','19/02/2017','€88,676',69,60,72,3),(61,'Nulla tempor augue','Fusce feugiat. Lorem ipsum dolor sit amet, consectetuer adipiscing elit. Aliquam auctor,','vitae','06/01/2014','03/09/2015','€18,058',80,61,56,1),(62,'nisl arcu iaculis enim,','quam, elementum at, egestas a, scelerisque sed, sapien. Nunc pulvinar arcu et pede.','nunc','13/10/2013','30/10/2015','€109,960',68,62,2,3),(63,'adipiscing','eu tellus. Phasellus elit pede, malesuada vel, venenatis vel, faucibus id, libero. Donec consectetuer mauris','cursus','18/09/2013','11/02/2017','€182,983',48,63,22,4),(64,'vitae,','nulla. Integer urna. Vivamus molestie dapibus ligula. Aliquam erat volutpat. Nulla dignissim. Maecenas ornare egestas ligula.','luctus.','24/03/2014','16/04/2015','€116,586',65,64,46,2),(65,'ipsum non arcu.','semper, dui lectus rutrum urna, nec luctus felis purus ac tellus. Suspendisse sed dolor. Fusce mi lorem, vehicula et, rutrum','lobortis','26/11/2013','16/08/2015','€82,451',28,65,95,5),(66,'erat volutpat. Nulla facilisis.','Sed et libero. Proin mi. Aliquam gravida mauris ut mi. Duis risus odio, auctor vitae, aliquet nec,','non,','21/06/2013','24/11/2016','€129,449',31,66,25,1),(67,'mus. Donec dignissim','iaculis nec, eleifend non, dapibus rutrum, justo. Praesent luctus. Curabitur egestas nunc','nunc','01/05/2013','29/12/2015','€54,862',99,67,91,5),(68,'adipiscing, enim mi','tincidunt, neque vitae semper egestas, urna justo faucibus lectus, a sollicitudin orci sem','ipsum.','17/10/2013','18/06/2016','€33,691',25,68,92,4),(69,'vitae semper egestas,','pretium aliquet, metus urna convallis erat, eget tincidunt dui augue eu tellus. Phasellus elit pede, malesuada vel, venenatis vel,','Praesent','11/11/2013','23/11/2015','€69,231',33,69,98,5),(70,'hendrerit a,','Curabitur consequat, lectus sit amet luctus vulputate, nisi sem semper erat, in consectetuer ipsum nunc id enim. Curabitur massa.','ligula','30/04/2013','12/12/2015','€172,511',86,70,84,1),(71,'urna. Vivamus molestie','consequat auctor, nunc nulla vulputate dui, nec tempus mauris erat eget','egestas.','04/04/2013','19/11/2016','€21,852',24,71,96,5),(72,'Cras dolor dolor, tempus','vestibulum nec, euismod in, dolor. Fusce feugiat. Lorem ipsum dolor sit amet, consectetuer','tincidunt','29/10/2013','07/08/2015','€199,210',86,72,100,1),(73,'lobortis mauris.','dolor, nonummy ac, feugiat non, lobortis quis, pede. Suspendisse dui. Fusce diam nunc,','velit','19/09/2013','03/11/2016','€90,585',73,73,67,5),(74,'libero. Proin sed','sodales nisi magna sed dui. Fusce aliquam, enim nec tempus scelerisque, lorem ipsum sodales purus, in molestie tortor','a','04/04/2013','19/10/2016','€65,623',99,74,36,4),(75,'ornare, libero at auctor','faucibus id, libero. Donec consectetuer mauris id sapien. Cras dolor dolor, tempus non, lacinia at, iaculis quis, pede. Praesent','nec','20/11/2013','22/11/2015','€158,478',52,75,92,5),(76,'egestas, urna justo faucibus','congue turpis. In condimentum. Donec at arcu. Vestibulum ante ipsum primis in faucibus orci luctus et ultrices posuere cubilia','Curae;','19/07/2013','25/03/2017','€144,302',54,76,82,4),(77,'mollis','non arcu. Vivamus sit amet risus. Donec egestas. Aliquam nec enim. Nunc ut erat.','aliquet','16/08/2013','14/10/2015','€6,646',57,77,64,2),(78,'nulla. Cras eu','Mauris blandit enim consequat purus. Maecenas libero est, congue a, aliquet vel, vulputate eu, odio. Phasellus at','magna.','17/05/2013','25/12/2015','€34,847',26,78,50,3),(79,'velit. Sed malesuada augue','Proin velit. Sed malesuada augue ut lacus. Nulla tincidunt, neque vitae semper egestas, urna justo faucibus lectus, a sollicitudin orci','et,','04/06/2013','25/04/2016','€6,322',12,79,12,4),(80,'enim consequat purus. Maecenas','aptent taciti sociosqu ad litora torquent per conubia nostra, per inceptos hymenaeos. Mauris ut quam vel sapien imperdiet ornare.','dictum','13/03/2014','15/02/2016','€177,231',30,80,4,3),(81,'nibh dolor,','nibh sit amet orci. Ut sagittis lobortis mauris. Suspendisse aliquet molestie tellus. Aenean egestas hendrerit neque. In ornare sagittis','dui','09/01/2014','23/10/2015','€106,348',86,81,15,4),(82,'Curabitur','et libero. Proin mi. Aliquam gravida mauris ut mi. Duis','sagittis','29/01/2014','21/03/2017','€80,053',25,82,21,4),(83,'quis lectus.','sit amet ultricies sem magna nec quam. Curabitur vel lectus. Cum sociis natoque penatibus','diam','03/03/2014','29/04/2015','€93,986',16,83,8,2),(84,'nonummy','lorem, auctor quis, tristique ac, eleifend vitae, erat. Vivamus nisi. Mauris nulla. Integer urna. Vivamus molestie dapibus ligula.','tristique','05/04/2013','21/05/2015','€51,375',28,84,77,3),(85,'elit, a feugiat','dui. Fusce diam nunc, ullamcorper eu, euismod ac, fermentum vel, mauris. Integer sem elit, pharetra ut, pharetra sed, hendrerit','congue.','26/10/2013','01/10/2016','€178,219',97,85,36,3),(86,'nunc','ullamcorper. Duis cursus, diam at pretium aliquet, metus urna convallis erat, eget tincidunt dui augue eu tellus. Phasellus elit pede,','ipsum','24/05/2013','26/01/2016','€96,983',57,86,89,3),(87,'metus urna convallis erat,','tortor. Integer aliquam adipiscing lacus. Ut nec urna et arcu','lectus,','29/10/2013','31/10/2016','€174,204',55,87,38,5),(88,'mi.','lorem, sit amet ultricies sem magna nec quam. Curabitur vel lectus. Cum sociis natoque penatibus et magnis','gravida','27/05/2013','02/01/2017','€87,555',17,88,74,4),(89,'amet diam','congue, elit sed consequat auctor, nunc nulla vulputate dui, nec tempus mauris erat eget ipsum. Suspendisse','lobortis','19/08/2013','05/12/2015','€183,057',56,89,64,3),(90,'semper, dui lectus','Integer aliquam adipiscing lacus. Ut nec urna et arcu imperdiet ullamcorper. Duis at lacus. Quisque purus','nec','20/07/2013','31/10/2015','€192,489',78,90,14,3),(91,'non nisi. Aenean','mi eleifend egestas. Sed pharetra, felis eget varius ultrices, mauris ipsum','arcu','07/06/2013','27/11/2016','€38,202',81,91,84,3),(92,'ac facilisis facilisis, magna','odio vel est tempor bibendum. Donec felis orci, adipiscing non, luctus sit amet, faucibus ut,','justo.','23/10/2013','27/05/2015','€188,828',78,92,61,2),(93,'id','lectus justo eu arcu. Morbi sit amet massa. Quisque porttitor eros nec tellus. Nunc lectus pede, ultrices','Sed','16/02/2014','30/07/2016','€22,267',87,93,89,5),(94,'iaculis odio. Nam','tellus, imperdiet non, vestibulum nec, euismod in, dolor. Fusce feugiat. Lorem ipsum dolor sit amet, consectetuer adipiscing elit.','neque.','03/03/2014','13/12/2015','€45,590',44,94,26,3),(95,'id','semper tellus id nunc interdum feugiat. Sed nec metus facilisis lorem tristique aliquet. Phasellus fermentum convallis ligula. Donec luctus aliquet','eu','18/12/2013','05/04/2017','€128,442',30,95,47,5),(96,'Nunc sed','Class aptent taciti sociosqu ad litora torquent per conubia nostra, per inceptos','dictum','01/04/2014','17/01/2016','€166,184',20,96,20,5),(97,'primis in','a odio semper cursus. Integer mollis. Integer tincidunt aliquam arcu. Aliquam ultrices iaculis odio. Nam interdum enim non nisi.','ac,','05/08/2013','11/03/2017','€165,782',40,97,95,3),(98,'Aliquam auctor, velit eget','bibendum ullamcorper. Duis cursus, diam at pretium aliquet, metus urna convallis erat, eget tincidunt','commodo','26/04/2013','13/03/2016','€89,743',89,98,25,5),(99,'Fusce dolor quam,','vitae erat vel pede blandit congue. In scelerisque scelerisque dui. Suspendisse ac metus vitae velit egestas lacinia. Sed congue,','cursus','13/06/2013','13/04/2015','€196,073',26,99,63,3),(100,'magna','a, auctor non, feugiat nec, diam. Duis mi enim, condimentum eget, volutpat ornare, facilisis eget, ipsum. Donec','purus.','25/11/2013','07/11/2016','€156,621',50,100,3,2);

INSERT INTO "Pagamento" (id_pagamento,quantia,token_confirmacao,token_pagamento,data_pagamento,morada_envio,id_leilao,id_utilizador) VALUES (1,'€87,665','GOD44KRN9XV','CFE53EGQ5DJ','19/04/2016','P.O. Box 471, 9896 Senectus St.',94,42),(2,'€61,309','CIZ40XGP8KV','OWL64MLR9GV','09/06/2015','Ap #136-4948 Et Avenue',82,56),(3,'€51,118','VKQ07DDX6JV','ZOO66CLA2JR','07/09/2016','4364 In Street',2,74),(4,'€135,611','LZQ10SBA7QE','QXM48WEL3IU','05/02/2016','P.O. Box 914, 9583 Mauris St.',80,39),(5,'€124,647','UMA40AUX8UG','LOH78LVB8BW','22/07/2016','784-2811 Scelerisque Road',40,16),(6,'€74,336','TXD34YWH9JT','HZA37UZO3PF','30/11/2015','P.O. Box 493, 9059 Erat Rd.',96,70),(7,'€180,390','BNG90LSJ7AR','TZT09GBL9EJ','08/03/2016','282-8107 Quis St.',1,71),(8,'€129,467','RFS02XKL2FM','NXP05EFH9IM','15/08/2016','4742 Nibh Ave',14,19),(9,'€174,701','YFY14HUU8FP','GBI41TJN8RF','14/05/2015','779-7360 Magna. St.',75,39),(10,'€191,984','ETL02JGW9YB','YNI88RAO9UW','15/07/2015','P.O. Box 116, 1161 Quisque St.',74,56),(11,'€174,003','SNY13NGQ5IZ','IZS13AIB8BM','25/01/2016','P.O. Box 957, 5985 Tincidunt Avenue',64,63),(12,'€32,842','GVN04PID8PV','SGU57DEB3TV','12/07/2016','3068 Risus. St.',77,55),(13,'€173,413','OLS79LMW8SE','XZO59UOQ7AK','28/03/2016','1253 Iaculis Av.',60,48),(14,'€169,899','STU74TBN1CP','KBN10AEX6ZN','14/06/2016','Ap #862-3679 Nulla Rd.',18,71),(15,'€173,436','MQO45ETP3MG','HME76NQG7FZ','08/01/2017','Ap #335-2618 Et Road',8,85),(16,'€154,567','UFG29ILN7SA','BCP29MJB5EF','10/06/2016','Ap #592-5788 Tempus St.',74,64),(17,'€134,392','SQX88PBO7XG','OVH67RGM3OT','15/12/2016','2973 Malesuada Rd.',16,85),(18,'€42,746','MUU02YYA7QM','LFN18XBZ0JI','06/10/2015','P.O. Box 256, 8674 Fermentum Avenue',32,26),(19,'€143,308','BJN87TCX9HD','TKS71AOX5PS','16/09/2016','P.O. Box 277, 4081 Aliquam Street',58,83),(20,'€1,673','CAH45PWM2WI','LGJ98BQH8GF','10/11/2016','P.O. Box 935, 9459 Euismod Rd.',84,44),(21,'€151,869','RMB09IPP6JH','IWC68PRL4GB','25/06/2015','720-1246 Sit Avenue',29,84),(22,'€121,385','AHD32WJI0TT','KQN57ZDG8BO','05/06/2015','Ap #163-5868 Urna. Rd.',73,95),(23,'€56,492','NIP22UXE0VS','BIU20TSJ9VN','28/11/2016','7908 Auctor. Rd.',87,15),(24,'€6,159','SVU14UMW3DX','OAS93KEM7YH','19/03/2017','574-413 Arcu. Road',91,28),(25,'€170,506','CGD88ZYJ3LT','EAD84MIC6FM','09/05/2015','P.O. Box 655, 8144 Interdum St.',55,98),(26,'€85,391','IOM25SAQ0NS','UAX59UFJ7LY','22/12/2016','5378 Neque. Street',33,11),(27,'€79,018','TCF06NHD4QX','SQQ38FYE2LI','17/01/2016','185-7724 At Rd.',24,32),(28,'€171,381','GLW68VHT7YJ','UJR04DNP1QJ','09/06/2016','445-4200 Molestie Avenue',50,15),(29,'€109,969','TLO51EGP4IC','MXZ64BQG5II','26/02/2017','P.O. Box 282, 2232 Arcu. St.',28,88),(30,'€125,861','QRA82EVC0CK','YDR34MGC4ST','16/08/2015','496-6794 Vitae Rd.',37,94),(31,'€41,422','QRX07FNL5UM','BEV58IUK7RQ','11/12/2015','Ap #230-8342 Purus. Avenue',29,100),(32,'€64,115','KLE28QON2AF','ZAN41QWC7YF','12/12/2015','901-3758 Dolor, Avenue',24,22),(33,'€75,070','ZEE34LJL8LJ','DTT40CPJ1QV','26/03/2016','Ap #693-229 Mi Road',98,15),(34,'€126,016','RMD78XAO6AL','BVU85QNQ6RL','26/09/2016','223-312 Eget Street',9,15),(35,'€189,089','QBF66NOK1HI','EWX75VGY2OQ','06/11/2015','162-7007 Magna. Ave',54,27),(36,'€192,553','NVB71JIP1IV','GCW35QJR3GP','26/09/2015','936-7453 Adipiscing St.',80,80),(37,'€85,680','WUM94FGP8TS','VGW67OYV8SP','27/04/2015','P.O. Box 195, 6883 Et Rd.',42,21),(38,'€26,143','LMF39QGF6AW','XNC24KYJ8WZ','18/12/2016','1956 Pede Rd.',69,95),(39,'€146,682','WCG82EFU8CF','GAG45YJQ8TZ','08/10/2016','P.O. Box 366, 3730 Egestas St.',32,86),(40,'€50,452','LMQ22WUN8TK','BYI78HVN4JY','26/10/2015','637-3004 Phasellus St.',49,29),(41,'€64,186','GWZ86UFG8LO','YEP94THA5LH','09/11/2015','8861 Elit. Avenue',7,57),(42,'€64,905','QJD63APO8MV','IPA80ZEN6HD','14/05/2016','725-2643 Cras Rd.',61,12),(43,'€47,364','MKZ81THB5HU','LOL97HBJ1QF','21/06/2015','Ap #512-6628 Tempor, St.',11,63),(44,'€173,462','XRC53MPF9ME','BWY03TCL5FY','05/07/2016','313-4825 Ultrices, Avenue',17,39),(45,'€17,349','ZPE78TXM6PV','OHY52MTN6NO','01/02/2017','5975 Metus. Rd.',49,48),(46,'€155,197','NQZ59XSC9LA','RZV56BRS0MC','24/05/2016','Ap #611-5086 Pellentesque Rd.',50,22),(47,'€192,489','HSK90YOC6HR','BDS29OEY7BE','12/11/2015','9813 Magna. Ave',31,23),(48,'€155,364','JZT77KUY6SF','BLS43ZYR9UM','18/06/2016','679-6152 Vitae, St.',31,88),(49,'€35,597','LFM93DGB4QN','PGX49MVK2JA','02/11/2015','4722 Vitae Rd.',23,64),(50,'€102,074','THG89FJM0FQ','LZW35FSH1YG','14/01/2016','Ap #554-9486 Ipsum Ave',69,39),(51,'€87,774','MQO59JWC8TI','OJO73DAP8PP','07/11/2016','704-1313 Eu Street',66,86),(52,'€180,410','IVM79XGW5QM','HHB00MUU2YV','18/11/2016','394-3674 Aliquet Road',31,100),(53,'€71,750','NFH33VNT2VC','IXW69RKO7UN','08/11/2016','3718 Malesuada Avenue',72,91),(54,'€197,713','IWJ86YFZ0AV','TUC32WWF6KF','19/07/2015','4043 Ac Av.',3,97),(55,'€178,319','KEW62TAO0FK','HWW01KMU1HN','05/01/2017','P.O. Box 974, 3942 Interdum. Rd.',45,78),(56,'€178,695','JSE81VPT4OX','OEV90HZE8CL','19/11/2015','Ap #709-9594 Orci St.',97,32),(57,'€79,408','ZFS68BEO3ES','GLO16EQR5NW','29/07/2015','932-8585 Lorem St.',26,49),(58,'€71,716','FBK92LQT4LQ','EQP73ZSN0NR','29/12/2015','203-2920 Sed, St.',8,46),(59,'€159,887','JMP14WBZ5BW','RAO09ISK7VU','05/05/2015','336-5385 Pede, Ave',55,48),(60,'€82,803','MHX69YDS7EM','UYL35BQM3SG','10/03/2017','214-3770 Aliquet, Rd.',20,93),(61,'€54,440','MMP24CCF8PN','TRK61BPY5GM','19/05/2016','669-5933 Luctus Av.',74,75),(62,'€25,915','NTP04EXI9OY','RHR16IMP9BY','27/02/2016','P.O. Box 912, 3720 Quisque Av.',66,51),(63,'€2,217','NQY88DWF5AE','TZA34ENF8XO','13/02/2016','Ap #385-8803 Vitae Avenue',6,93),(64,'€133,767','IWF56BAV2OS','FQU49PNX0TV','30/08/2016','P.O. Box 711, 686 Cursus Rd.',86,52),(65,'€70,633','NLV55NAC1DU','DBB83AGK5CF','05/05/2016','Ap #230-4423 Sem Ave',31,31),(66,'€95,834','NUR67GIB8FS','DFU53XBI3OQ','09/03/2016','P.O. Box 757, 901 Faucibus Ave',35,63),(67,'€66,098','AMD41EQC5CY','EWE51DWM5CN','14/12/2015','676-7473 Auctor, St.',100,44),(68,'€119,626','PUQ94RYZ0GJ','ZCM46HJI0LX','16/12/2016','P.O. Box 512, 6309 Tellus St.',25,39),(69,'€188,301','WZC72MYM0LN','WVO58BRF3HM','10/02/2016','P.O. Box 344, 1424 Elementum, Avenue',26,91),(70,'€184,466','JVU93PMK8DG','RMD70IBK1KA','02/11/2016','Ap #145-4475 Eros Avenue',16,90),(71,'€127,806','PNK73TZA9RA','MND67QSP6PV','19/06/2016','Ap #175-2153 Nec Ave',32,30),(72,'€73,103','CXH18WIO7RP','DCZ42NML7JJ','13/04/2015','Ap #686-1485 Lacinia. Rd.',9,28),(73,'€36,182','XSG00CEB7DW','NFA07JVN4BD','25/10/2015','Ap #506-5741 Eu Avenue',66,54),(74,'€50,327','ORJ35WAC7RQ','VDN58ZNP8DW','09/07/2015','6029 Aliquam Ave',32,66),(75,'€63,262','JHC37WZJ5CL','RJZ34TNY0LA','24/04/2016','P.O. Box 320, 2018 Ante Rd.',67,15),(76,'€171,813','DUC93WLY0XF','LMJ48FJP8DG','14/08/2016','P.O. Box 483, 2042 Amet Avenue',64,80),(77,'€37,072','QVW34FYL5LJ','FDM13OTC5UJ','07/10/2015','3142 Arcu. St.',48,43),(78,'€31,788','HRU63UAM5AT','OTH47AFH0XO','21/10/2016','Ap #332-9897 Iaculis, Road',73,36),(79,'€61,699','NWP12DGI4FE','QSL86AZJ6QT','03/02/2017','Ap #231-7254 Volutpat St.',46,47),(80,'€97,361','BIG77WSD6VO','VZZ21YDB1CQ','24/11/2016','Ap #656-384 Tempor Av.',82,19),(81,'€80,338','WWD11ZTN8BY','YVA23NOD0SP','26/07/2016','P.O. Box 132, 1021 Vestibulum Street',56,29),(82,'€138,514','XVB83MTZ2EJ','TBI55DUB4LY','01/12/2016','393-2340 Ac Street',4,99),(83,'€116,121','RSS15QJT4FJ','SVN74BHC4CP','20/04/2016','Ap #281-7784 Dictum Ave',9,81),(84,'€147,471','QYF60RLC0IO','ZJU64CCY7NS','05/11/2015','P.O. Box 156, 688 Tristique Av.',7,45),(85,'€107,204','TYW40CEC8IQ','MHK24ACT5UG','22/12/2016','Ap #175-7902 Gravida Ave',99,92),(86,'€75,941','OEP05TYK8FX','HHK80VCG6QN','29/03/2017','Ap #759-9196 Pellentesque, Av.',64,98),(87,'€39,814','VRV91YDN4XS','GRO27MPU2GM','26/05/2015','1403 In, Road',73,37),(88,'€184,000','XLT79XUC1KU','CQJ53LLV2CA','12/02/2016','Ap #540-3406 Tincidunt Street',73,77),(89,'€163,097','YSO13RAT8XX','AEC38UIJ5SR','22/09/2016','P.O. Box 120, 580 Nibh Ave',98,87),(90,'€53,959','OXC42RYC9DR','NWW21LKP7IG','03/09/2016','3559 Posuere Street',77,54),(91,'€57,597','AQA29KYI7XI','LVL69VNE5UU','02/02/2017','P.O. Box 829, 3212 Lectus, Av.',1,14),(92,'€128,235','ZZL59SWI9YX','YTF42EWQ2XX','04/08/2016','357-9062 Sit Ave',59,97),(93,'€126,110','YUX64IPD0RE','HMF52SPW7NK','07/06/2016','Ap #805-347 Molestie St.',88,88),(94,'€141,014','MUY40NYZ0TT','IFY75NFB6QX','11/12/2015','Ap #283-8080 Sed St.',81,45),(95,'€115,829','TEI55BNK9IV','NNZ63ICN9XP','23/03/2017','P.O. Box 798, 3898 Lacinia Avenue',14,96),(96,'€167,494','KHG52NAD4SM','EGP51OQQ7DP','20/10/2016','8975 Ac Street',42,19),(97,'€161,112','WYI12IWD6PL','KKM98FSL3YY','18/09/2016','577-1889 Non, Road',49,63),(98,'€176,789','YOX79KUC1YM','HHU65KIT0ZS','18/05/2016','P.O. Box 633, 3526 Sit Avenue',93,80),(99,'€153,499','OKP76WEC6XV','GNO84VYG8FB','02/11/2016','322-5329 Vivamus Rd.',69,92),(100,'€30,718','AML33ULP8VR','ILT75GED0II','28/10/2015','466-6006 Magna. Street',72,37);
INSERT INTO "Licitacao" (id_licitacao,id_leilao,id_utilizador,data_licitacao,valor_licitacao,vencedor) VALUES (1,4,81,'02/01/2016','€27,494',0),(2,6,71,'31/07/2016','€60,686',0),(3,25,20,'12/01/2017','€196,278',1),(4,81,83,'30/10/2015','€183,227',1),(5,39,89,'28/06/2015','€60,364',0),(6,85,67,'11/07/2016','€62,801',0),(7,11,40,'22/05/2015','€199,753',0),(8,13,95,'16/01/2016','€74,828',0),(9,51,65,'01/03/2016','€178,676',0),(10,53,22,'30/11/2016','€77,598',0),(11,34,20,'24/03/2017','€5,798',0),(12,63,49,'18/11/2015','€45,519',1),(13,75,63,'04/01/2017','€182,156',1),(14,11,60,'06/03/2017','€169,184',1),(15,91,62,'06/03/2017','€33,220',0),(16,79,81,'16/04/2015','€53,755',0),(17,91,45,'30/01/2016','€132,093',1),(18,46,76,'10/03/2016','€27,256',0),(19,78,54,'08/03/2017','€46,826',1),(20,63,99,'28/02/2017','€151,943',1),(21,86,49,'27/03/2016','€49,903',0),(22,13,74,'25/10/2015','€117,007',0),(23,30,26,'18/10/2015','€152,847',0),(24,20,47,'01/10/2016','€106,173',1),(25,68,11,'28/02/2017','€23,331',1),(26,60,36,'10/11/2016','€33,142',0),(27,52,44,'09/09/2016','€133,059',1),(28,60,34,'24/07/2016','€178,478',0),(29,35,27,'11/03/2017','€76,516',1),(30,17,18,'23/04/2015','€0,076',0),(31,31,12,'01/08/2015','€76,334',0),(32,15,65,'25/05/2016','€98,748',0),(33,24,35,'19/12/2016','€194,521',1),(34,71,90,'20/11/2016','€27,014',0),(35,50,75,'13/05/2016','€48,411',0),(36,41,52,'21/05/2016','€67,205',1),(37,33,24,'27/07/2016','€164,670',1),(38,80,57,'25/05/2016','€172,273',0),(39,94,48,'15/08/2016','€45,766',0),(40,10,16,'19/04/2015','€130,667',0),(41,56,57,'11/08/2015','€45,410',0),(42,62,21,'01/12/2016','€180,889',1),(43,85,58,'20/10/2016','€126,082',0),(44,72,15,'26/08/2015','€38,650',1),(45,6,56,'02/07/2016','€51,387',1),(46,80,18,'04/06/2015','€86,186',0),(47,97,43,'25/12/2015','€172,761',1),(48,44,14,'28/02/2016','€99,219',1),(49,94,78,'26/05/2015','€145,858',1),(50,60,41,'02/11/2015','€172,762',0),(51,45,43,'22/04/2015','€90,958',0),(52,9,59,'06/11/2016','€76,358',0),(53,82,15,'15/02/2016','€109,669',0),(54,91,65,'08/02/2016','€84,967',1),(55,12,94,'05/11/2015','€11,502',0),(56,20,85,'26/03/2017','€27,939',0),(57,18,37,'31/01/2016','€16,830',0),(58,11,97,'27/12/2015','€152,886',0),(59,42,14,'16/01/2017','€55,852',1),(60,87,44,'01/02/2016','€169,954',1),(61,83,69,'20/04/2016','€79,299',1),(62,65,62,'22/03/2017','€24,770',0),(63,59,92,'11/09/2016','€2,599',1),(64,72,46,'19/10/2016','€140,417',1),(65,37,45,'26/01/2017','€13,961',0),(66,73,50,'19/06/2016','€18,981',0),(67,56,96,'28/03/2016','€59,679',1),(68,42,42,'18/04/2015','€80,497',0),(69,4,93,'15/03/2017','€95,245',0),(70,29,69,'17/05/2016','€19,577',1),(71,52,95,'14/04/2016','€151,171',0),(72,66,22,'22/02/2017','€41,570',1),(73,24,32,'03/11/2016','€20,823',1),(74,20,92,'25/11/2015','€187,627',1),(75,50,98,'21/11/2015','€112,874',0),(76,40,65,'09/05/2015','€69,342',0),(77,42,69,'20/12/2016','€73,976',0),(78,75,21,'24/03/2016','€5,155',1),(79,26,58,'19/05/2015','€112,606',0),(80,56,55,'19/10/2015','€42,844',1),(81,2,32,'01/02/2017','€29,229',1),(82,13,51,'14/09/2015','€173,962',0),(83,33,98,'18/05/2016','€173,855',0),(84,94,29,'08/02/2016','€193,850',1),(85,40,82,'24/08/2016','€131,491',0),(86,19,14,'26/09/2016','€17,865',1),(87,75,22,'29/09/2015','€178,758',1),(88,46,44,'29/07/2016','€122,980',0),(89,56,91,'07/09/2016','€198,849',1),(90,92,29,'08/02/2016','€147,241',1),(91,74,96,'06/11/2015','€197,546',0),(92,1,35,'21/03/2017','€135,156',0),(93,11,34,'10/04/2015','€175,823',0),(94,97,85,'06/05/2015','€58,856',0),(95,5,63,'11/09/2016','€186,653',0),(96,64,64,'02/03/2016','€125,490',0),(97,41,86,'04/06/2015','€2,899',1),(98,98,83,'14/04/2016','€189,277',1),(99,63,47,'07/05/2016','€40,961',0),(100,90,77,'03/12/2015','€24,794',0);
INSERT INTO "ClassificacaoLeilao" (id_licitador,id_leilao,valor_classificacao) VALUES (66,99,5),(73,67,5),(58,88,1),(27,21,1),(13,86,2),(23,69,5),(69,12,2),(39,80,2),(59,42,4),(91,8,3),(100,84,5),(58,13,2),(63,34,5),(65,54,5),(62,98,4),(66,97,2),(39,54,3),(99,32,5),(30,40,4),(25,94,2),(16,1,5),(91,89,3),(27,58,5),(57,4,1),(22,14,3),(96,59,2),(25,28,2),(44,98,3),(97,50,1),(19,55,5),(80,94,4),(39,38,1),(59,27,4),(59,54,4),(24,89,2),(57,57,3),(12,57,1),(39,93,3),(39,99,4),(27,75,3),(61,87,4),(45,79,1),(64,11,3),(27,54,3),(70,91,2),(92,32,2),(33,10,5),(48,80,2),(59,65,3),(90,91,2),(70,2,2),(61,10,5),(93,12,5),(34,82,5),(52,74,2),(22,51,5),(94,62,3),(36,53,3),(64,9,5),(28,93,4),(27,53,3),(42,49,2),(80,32,3),(88,42,3),(23,43,2),(37,92,1),(36,92,2),(11,85,1),(43,72,5),(14,12,3),(68,46,3),(79,8,3),(76,93,3),(41,82,1),(69,70,4),(24,49,2),(21,74,4),(37,75,4),(13,86,2),(58,51,3),(65,1,3),(12,6,5),(27,84,5),(49,88,4),(17,36,3),(20,75,1),(78,31,1),(74,33,5),(75,92,5),(100,20,5),(17,3,2),(73,27,3),(13,1,5),(86,31,4),(87,13,2),(83,22,2),(21,93,5),(63,44,1),(29,74,5),(63,75,5);
INSERT INTO "Mensagem" (id_mensagem,id_emissor,id_receptor,conteudo,data_mensagem) VALUES (1,8,3,'amet massa. Quisque porttitor eros nec tellus. Nunc lectus pede, ultrices','19/12/14'),(2,33,68,'Praesent eu nulla at sem molestie sodales. Mauris blandit enim consequat','28/08/15'),(3,78,86,'vitae sodales nisi magna sed','15/02/15'),(4,36,64,'habitant morbi tristique senectus et netus et','19/04/16'),(5,28,31,'odio vel est tempor bibendum. Donec felis orci, adipiscing non, luctus sit amet, faucibus ut,','07/05/15'),(6,66,38,'id risus quis diam luctus lobortis. Class aptent taciti sociosqu ad litora torquent per conubia','09/11/15'),(7,48,45,'augue. Sed molestie. Sed id risus quis diam luctus lobortis. Class aptent taciti','10/12/16'),(8,15,67,'eget magna. Suspendisse tristique neque venenatis lacus. Etiam bibendum fermentum metus. Aenean sed pede nec','15/03/15'),(9,94,65,'elementum at, egestas a, scelerisque sed, sapien. Nunc pulvinar arcu et','14/12/15'),(10,86,57,'auctor. Mauris vel turpis. Aliquam adipiscing lobortis risus. In mi pede, nonummy','22/04/14'),(11,88,38,'Donec at arcu. Vestibulum ante ipsum primis','01/06/15'),(12,83,80,'ut lacus. Nulla tincidunt, neque vitae semper','08/02/15'),(13,57,41,'gravida mauris ut mi. Duis risus','24/08/15'),(14,82,85,'euismod est arcu ac orci.','12/03/16'),(15,38,61,'ultricies sem magna nec quam. Curabitur vel lectus.','19/01/17'),(16,87,68,'magnis dis parturient montes, nascetur ridiculus mus. Aenean eget magna. Suspendisse tristique','04/05/14'),(17,11,82,'pellentesque a, facilisis non, bibendum','04/03/15'),(18,80,30,'euismod enim. Etiam gravida molestie arcu. Sed','02/12/14'),(19,96,77,'Nunc laoreet lectus quis massa.','20/06/16'),(20,98,33,'ac orci. Ut semper pretium neque. Morbi quis','24/09/16'),(21,53,13,'Nunc mauris elit, dictum eu, eleifend nec, malesuada ut, sem. Nulla interdum. Curabitur dictum.','04/06/16'),(22,10,63,'imperdiet dictum magna. Ut tincidunt orci quis','09/11/14'),(23,75,4,'Aliquam adipiscing lobortis risus. In mi pede, nonummy ut, molestie','02/07/16'),(24,27,29,'Cras pellentesque. Sed dictum. Proin eget odio. Aliquam vulputate ullamcorper magna. Sed','11/11/14'),(25,34,60,'Sed id risus quis diam luctus lobortis. Class aptent taciti sociosqu ad litora torquent','29/07/16'),(26,3,9,'Pellentesque ut ipsum ac mi eleifend egestas. Sed pharetra, felis eget varius','19/08/16'),(27,13,4,'ac mattis ornare, lectus ante dictum mi, ac mattis velit justo','19/09/15'),(28,11,82,'Quisque imperdiet, erat nonummy ultricies ornare, elit elit fermentum risus, at fringilla purus mauris','18/09/16'),(29,45,55,'mus. Donec dignissim magna a tortor.','02/03/16'),(30,31,81,'Quisque porttitor eros nec tellus. Nunc lectus pede, ultrices a, auctor non,','13/11/15'),(31,84,13,'parturient montes, nascetur ridiculus mus. Proin vel nisl. Quisque fringilla','31/08/14'),(32,54,4,'Suspendisse aliquet molestie tellus. Aenean egestas hendrerit neque. In ornare sagittis felis. Donec','28/09/14'),(33,65,80,'imperdiet nec, leo. Morbi neque tellus, imperdiet non, vestibulum nec, euismod in, dolor.','21/03/16'),(34,80,81,'vitae, posuere at, velit. Cras lorem lorem,','03/02/16'),(35,79,6,'nonummy ipsum non arcu. Vivamus sit amet risus. Donec egestas. Aliquam nec','08/08/16'),(36,77,11,'Proin dolor. Nulla semper tellus id nunc interdum feugiat. Sed nec metus','11/11/16'),(37,19,21,'in, hendrerit consectetuer, cursus et, magna. Praesent interdum ligula eu enim. Etiam','26/08/16'),(38,94,71,'ultrices posuere cubilia Curae; Donec tincidunt. Donec vitae','03/09/16'),(39,57,86,'convallis est, vitae sodales nisi magna sed dui. Fusce aliquam, enim nec tempus scelerisque, lorem','18/05/14'),(40,44,96,'sollicitudin orci sem eget massa. Suspendisse','11/07/15'),(41,40,53,'fringilla purus mauris a nunc. In at pede. Cras vulputate velit eu','06/01/16'),(42,87,5,'posuere at, velit. Cras lorem lorem, luctus ut, pellentesque eget,','17/10/14'),(43,76,44,'ante blandit viverra. Donec tempus, lorem fringilla ornare placerat, orci lacus','16/05/16'),(44,38,84,'eget, ipsum. Donec sollicitudin adipiscing ligula. Aenean gravida','30/12/15'),(45,15,35,'lacinia mattis. Integer eu lacus. Quisque imperdiet, erat nonummy ultricies ornare,','05/12/15'),(46,79,95,'id, libero. Donec consectetuer mauris id sapien. Cras dolor dolor, tempus non, lacinia at,','18/09/16'),(47,26,8,'Duis dignissim tempor arcu. Vestibulum ut eros non enim commodo hendrerit. Donec porttitor tellus','21/03/15'),(48,30,52,'Phasellus vitae mauris sit amet lorem semper auctor. Mauris vel turpis. Aliquam','28/12/15'),(49,35,21,'neque venenatis lacus. Etiam bibendum fermentum metus. Aenean sed pede nec ante blandit viverra.','31/12/14'),(50,5,7,'eleifend nec, malesuada ut, sem. Nulla interdum. Curabitur dictum. Phasellus in felis. Nulla tempor','13/11/15'),(51,50,19,'consequat purus. Maecenas libero est, congue a, aliquet','13/08/15'),(52,55,50,'Pellentesque habitant morbi tristique senectus et netus et malesuada','18/04/15'),(53,12,78,'nonummy ipsum non arcu. Vivamus sit amet risus. Donec egestas. Aliquam nec enim. Nunc ut','13/01/15'),(54,49,33,'elementum purus, accumsan interdum libero','09/02/15'),(55,50,94,'quis turpis vitae purus gravida sagittis. Duis gravida. Praesent eu nulla at','09/05/14'),(56,98,8,'tincidunt, neque vitae semper egestas, urna justo faucibus lectus, a sollicitudin orci sem eget massa.','27/03/15'),(57,70,91,'nec urna et arcu imperdiet ullamcorper. Duis at lacus.','17/05/15'),(58,81,46,'Sed nunc est, mollis non, cursus non, egestas','18/01/16'),(59,65,71,'nulla. In tincidunt congue turpis. In condimentum. Donec at arcu. Vestibulum ante ipsum primis in','16/11/14'),(60,32,29,'Proin dolor. Nulla semper tellus','20/09/16'),(61,7,46,'sed orci lobortis augue scelerisque mollis.','18/12/16'),(62,80,14,'sem, consequat nec, mollis vitae, posuere at, velit. Cras lorem','04/09/14'),(63,21,91,'Aenean sed pede nec ante blandit viverra. Donec tempus, lorem fringilla ornare','25/11/15'),(64,86,66,'Donec nibh enim, gravida sit amet,','17/11/14'),(65,67,55,'Mauris ut quam vel sapien imperdiet ornare. In faucibus. Morbi vehicula.','28/03/16'),(66,38,62,'ornare, lectus ante dictum mi,','14/02/17'),(67,60,89,'montes, nascetur ridiculus mus. Proin vel arcu eu odio tristique pharetra. Quisque ac libero','31/10/14'),(68,21,1,'non quam. Pellentesque habitant morbi','15/03/15'),(69,24,68,'non magna. Nam ligula elit,','18/04/14'),(70,1,62,'erat vitae risus. Duis a mi fringilla mi lacinia mattis. Integer','09/05/14'),(71,40,77,'sed, sapien. Nunc pulvinar arcu et pede. Nunc sed orci lobortis augue scelerisque mollis.','04/08/14'),(72,76,71,'nonummy. Fusce fermentum fermentum arcu. Vestibulum ante ipsum primis in faucibus orci luctus et ultrices','27/06/16'),(73,14,3,'ac arcu. Nunc mauris. Morbi non sapien molestie orci tincidunt adipiscing. Mauris molestie','16/05/15'),(74,4,50,'Ut tincidunt vehicula risus. Nulla eget metus eu erat semper rutrum. Fusce dolor quam, elementum','16/06/15'),(75,71,9,'euismod enim. Etiam gravida molestie arcu. Sed eu nibh vulputate mauris sagittis','22/11/15'),(76,32,57,'sed pede. Cum sociis natoque penatibus et magnis dis parturient montes, nascetur ridiculus mus. Proin','03/02/17'),(77,22,28,'convallis dolor. Quisque tincidunt pede','12/11/15'),(78,54,6,'nunc. Quisque ornare tortor at risus. Nunc','27/05/16'),(79,66,45,'pede, ultrices a, auctor non, feugiat nec, diam. Duis mi enim, condimentum eget,','02/03/16'),(80,25,21,'sit amet lorem semper auctor. Mauris vel turpis. Aliquam','02/06/14'),(81,49,23,'mauris. Morbi non sapien molestie orci tincidunt adipiscing. Mauris molestie pharetra nibh. Aliquam ornare, libero','10/01/15'),(82,84,45,'lorem, eget mollis lectus pede et risus. Quisque libero lacus, varius et,','14/01/16'),(83,24,4,'diam nunc, ullamcorper eu, euismod ac, fermentum vel,','15/10/15'),(84,6,28,'odio a purus. Duis elementum, dui quis accumsan convallis, ante','04/05/14'),(85,30,85,'est arcu ac orci. Ut semper pretium neque.','05/09/14'),(86,12,23,'eget metus. In nec orci. Donec nibh. Quisque nonummy','10/07/16'),(87,65,76,'dapibus ligula. Aliquam erat volutpat. Nulla dignissim. Maecenas ornare egestas ligula. Nullam feugiat','04/09/16'),(88,17,32,'est, mollis non, cursus non, egestas a, dui. Cras pellentesque. Sed dictum. Proin','11/10/16'),(89,17,30,'imperdiet ornare. In faucibus. Morbi vehicula. Pellentesque tincidunt tempus risus. Donec egestas. Duis ac','23/01/15'),(90,58,53,'consectetuer euismod est arcu ac orci. Ut semper pretium neque. Morbi','27/04/16'),(91,44,47,'sagittis semper. Nam tempor diam dictum sapien. Aenean massa. Integer vitae nibh. Donec est','28/10/14'),(92,36,69,'Donec sollicitudin adipiscing ligula. Aenean gravida','07/09/16'),(93,71,41,'aliquam iaculis, lacus pede sagittis augue, eu tempor erat neque non quam. Pellentesque habitant','24/10/14'),(94,78,37,'Aliquam fringilla cursus purus. Nullam scelerisque neque sed sem egestas blandit. Nam nulla magna, malesuada','02/02/15'),(95,98,58,'Duis gravida. Praesent eu nulla at sem molestie sodales. Mauris blandit enim','28/06/15'),(96,18,10,'cubilia Curae; Donec tincidunt. Donec vitae','04/04/17'),(97,28,14,'tellus lorem eu metus. In lorem. Donec elementum, lorem ut aliquam iaculis,','02/07/14'),(98,6,18,'morbi tristique senectus et netus et','30/01/17'),(99,31,12,'interdum enim non nisi. Aenean eget metus. In nec orci. Donec nibh. Quisque nonummy ipsum','24/06/16'),(100,8,41,'imperdiet, erat nonummy ultricies ornare, elit elit fermentum risus, at fringilla','19/11/15');
INSERT INTO "HistoricoBanidos" (id_utilizador,id_moderador,motivo,data_banido,data_fim) VALUES (36,4,'ornare egestas ligula. Nullam feugiat placerat velit.','14/10/2015','26/09/16'),(16,3,'ornare placerat, orci lacus vestibulum lorem, sit','17/06/2015','18/11/16'),(13,5,'Vestibulum accumsan neque et nunc. Quisque ornare tortor at','11/06/2015','27/07/16'),(73,4,'fames ac turpis egestas. Aliquam','02/07/2015','24/01/17'),(19,1,'dictum eu, placerat eget, venenatis a, magna. Lorem','09/10/2015','23/08/16'),(71,4,'sit amet luctus vulputate, nisi','24/02/2016','20/09/16'),(39,2,'sociis natoque penatibus et magnis','04/08/2015','12/09/16'),(92,3,'nisl arcu iaculis enim, sit amet','15/10/2015','28/08/16'),(54,3,'semper rutrum. Fusce dolor quam,','08/05/2015','17/10/16'),(81,4,'id nunc interdum feugiat. Sed nec','26/07/2015','14/12/16'),(95,1,'mus. Donec dignissim magna a tortor. Nunc','25/08/2015','09/01/17'),(88,3,'Fusce diam nunc, ullamcorper eu, euismod ac, fermentum','23/09/2015','05/10/16'),(28,3,'dictum eu, placerat eget, venenatis','03/02/2016','04/03/17'),(23,3,'ipsum dolor sit amet, consectetuer adipiscing elit.','29/10/2015','24/11/16'),(88,4,'lacus. Nulla tincidunt, neque vitae semper egestas,','12/05/2015','14/02/17'),(97,1,'Integer sem elit, pharetra ut, pharetra','10/08/2015','20/02/17'),(35,2,'eget magna. Suspendisse tristique neque','18/12/2015','29/08/16'),(23,2,'tellus, imperdiet non, vestibulum nec, euismod','19/05/2015','26/02/17'),(88,1,'nunc sed pede. Cum sociis natoque','25/07/2015','16/10/16'),(56,5,'venenatis a, magna. Lorem ipsum dolor sit amet, consectetuer','17/05/2015','28/05/16'),(50,2,'tincidunt congue turpis. In condimentum. Donec','12/10/2015','02/01/17'),(15,5,'dui augue eu tellus. Phasellus elit pede, malesuada vel,','16/07/2015','11/06/16'),(78,2,'sit amet ultricies sem magna nec quam.','02/04/2016','17/03/17'),(96,3,'conubia nostra, per inceptos hymenaeos. Mauris','10/04/2015','19/08/16'),(17,4,'turpis vitae purus gravida sagittis.','29/04/2015','19/05/16'),(57,1,'Sed nec metus facilisis lorem tristique aliquet.','19/05/2015','08/12/16'),(89,3,'non magna. Nam ligula elit, pretium et,','17/08/2015','03/09/16'),(67,5,'enim nec tempus scelerisque, lorem','27/08/2015','15/09/16'),(60,4,'primis in faucibus orci luctus et','25/05/2015','03/02/17'),(52,3,'Cum sociis natoque penatibus et','23/07/2015','11/08/16'),(83,1,'In mi pede, nonummy ut, molestie in, tempus eu, ligula.','25/01/2016','23/02/17'),(85,5,'libero. Proin sed turpis nec mauris blandit mattis. Cras','26/01/2016','04/10/16'),(61,5,'Aliquam tincidunt, nunc ac mattis ornare, lectus ante','12/08/2015','07/08/16'),(100,5,'volutpat ornare, facilisis eget, ipsum. Donec sollicitudin adipiscing','07/04/2016','13/11/16'),(87,4,'eget laoreet posuere, enim nisl elementum','19/09/2015','25/10/16'),(52,1,'ornare. Fusce mollis. Duis sit amet diam','21/12/2015','07/06/16'),(22,3,'bibendum. Donec felis orci, adipiscing non, luctus sit amet, faucibus','29/03/2016','02/03/17'),(74,3,'euismod mauris eu elit. Nulla facilisi. Sed neque. Sed','28/03/2016','23/02/17'),(78,1,'orci. Ut semper pretium neque. Morbi quis urna. Nunc','10/09/2015','17/11/16'),(61,1,'odio. Nam interdum enim non nisi. Aenean eget metus.','29/08/2015','31/07/16'),(23,2,'id risus quis diam luctus lobortis. Class aptent','16/04/2015','15/12/16'),(61,2,'pellentesque massa lobortis ultrices. Vivamus rhoncus. Donec','22/01/2016','08/02/17'),(67,3,'ac ipsum. Phasellus vitae mauris sit amet lorem semper','09/02/2016','05/06/16'),(17,5,'magna. Nam ligula elit, pretium et, rutrum non, hendrerit id,','16/08/2015','18/04/16'),(77,3,'auctor. Mauris vel turpis. Aliquam adipiscing','29/08/2015','02/05/16'),(28,3,'fringilla purus mauris a nunc.','09/07/2015','02/01/17'),(100,1,'Aenean eget magna. Suspendisse tristique neque','03/01/2016','16/02/17'),(26,5,'magna a neque. Nullam ut nisi a odio semper','16/02/2016','12/12/16'),(39,5,'neque tellus, imperdiet non, vestibulum nec,','01/05/2015','31/10/16'),(41,5,'Cras dolor dolor, tempus non, lacinia','10/04/2015','09/02/17'),(55,5,'auctor non, feugiat nec, diam. Duis mi enim, condimentum eget,','20/09/2015','13/02/17'),(62,4,'tincidunt nibh. Phasellus nulla. Integer vulputate, risus a ultricies','28/05/2015','05/07/16'),(27,4,'iaculis aliquet diam. Sed diam lorem, auctor quis, tristique ac,','12/03/2016','06/11/16'),(25,5,'Nunc mauris sapien, cursus in,','24/06/2015','07/07/16'),(78,1,'vel, faucibus id, libero. Donec','07/05/2015','11/02/17'),(26,1,'consequat, lectus sit amet luctus vulputate, nisi sem','14/11/2015','05/11/16'),(58,1,'Cras lorem lorem, luctus ut,','06/06/2015','20/04/16'),(28,5,'Nulla interdum. Curabitur dictum. Phasellus in felis. Nulla tempor','05/04/2016','08/11/16'),(92,4,'lacus. Cras interdum. Nunc sollicitudin commodo ipsum.','23/04/2015','06/04/17'),(44,3,'mi eleifend egestas. Sed pharetra, felis','18/03/2016','27/04/16'),(49,3,'nec ante. Maecenas mi felis,','21/05/2015','11/04/16'),(72,4,'magnis dis parturient montes, nascetur ridiculus mus. Aenean eget','01/09/2015','11/02/17'),(25,2,'lectus justo eu arcu. Morbi sit amet massa. Quisque porttitor','19/02/2016','30/06/16'),(92,2,'Quisque tincidunt pede ac urna. Ut tincidunt vehicula','19/10/2015','12/11/16'),(100,4,'neque non quam. Pellentesque habitant morbi','23/04/2015','09/01/17'),(50,1,'Donec at arcu. Vestibulum ante ipsum primis in','17/04/2015','05/12/16'),(51,1,'et ultrices posuere cubilia Curae; Phasellus ornare.','13/02/2016','14/10/16'),(47,1,'a odio semper cursus. Integer mollis.','16/10/2015','04/03/17'),(76,3,'condimentum. Donec at arcu. Vestibulum ante','12/09/2015','25/09/16'),(59,2,'lectus, a sollicitudin orci sem eget massa. Suspendisse eleifend. Cras','14/08/2015','03/05/16'),(84,4,'eget odio. Aliquam vulputate ullamcorper magna. Sed eu eros. Nam','11/04/2015','01/07/16'),(61,1,'ac tellus. Suspendisse sed dolor.','30/01/2016','15/04/16'),(21,1,'Cum sociis natoque penatibus et magnis dis parturient montes,','25/07/2015','12/10/16'),(30,3,'lorem. Donec elementum, lorem ut aliquam iaculis, lacus pede sagittis','11/02/2016','26/05/16'),(82,2,'nunc. Quisque ornare tortor at risus. Nunc','02/02/2016','07/05/16'),(48,1,'Proin vel arcu eu odio tristique pharetra. Quisque','29/04/2015','13/05/16'),(49,2,'massa non ante bibendum ullamcorper. Duis cursus, diam at pretium','24/08/2015','28/05/16'),(95,5,'vestibulum lorem, sit amet ultricies sem magna','20/05/2015','01/05/16'),(66,1,'Cras dolor dolor, tempus non, lacinia at, iaculis','19/02/2016','13/02/17'),(18,4,'Aliquam nisl. Nulla eu neque pellentesque massa lobortis','08/03/2016','19/04/16'),(36,2,'pede. Nunc sed orci lobortis augue scelerisque','28/11/2015','26/12/16'),(77,1,'sem ut dolor dapibus gravida. Aliquam tincidunt,','01/12/2015','12/04/16'),(63,2,'leo. Morbi neque tellus, imperdiet','23/11/2015','05/06/16'),(42,1,'consectetuer mauris id sapien. Cras','24/11/2015','21/01/17'),(37,3,'dolor dapibus gravida. Aliquam tincidunt, nunc ac','21/05/2015','15/05/16'),(92,3,'Donec elementum, lorem ut aliquam iaculis, lacus pede sagittis augue,','16/01/2016','31/05/16'),(59,4,'nec, diam. Duis mi enim, condimentum','02/07/2015','11/09/16'),(42,1,'scelerisque scelerisque dui. Suspendisse ac metus','16/05/2015','15/12/16'),(51,4,'sapien. Aenean massa. Integer vitae nibh. Donec','02/07/2015','01/03/17'),(54,4,'sapien. Nunc pulvinar arcu et','03/04/2016','06/02/17'),(82,4,'sollicitudin commodo ipsum. Suspendisse non','08/05/2015','20/03/17'),(43,1,'at sem molestie sodales. Mauris blandit','17/09/2015','28/10/16'),(92,2,'Maecenas ornare egestas ligula. Nullam feugiat placerat','30/08/2015','22/06/16'),(44,5,'pretium et, rutrum non, hendrerit id, ante. Nunc','28/01/2016','19/06/16'),(87,5,'ullamcorper. Duis cursus, diam at pretium aliquet,','01/02/2016','28/06/16'),(30,3,'Mauris quis turpis vitae purus gravida sagittis. Duis gravida.','17/06/2015','14/11/16'),(21,1,'Integer eu lacus. Quisque imperdiet, erat nonummy ultricies ornare,','12/07/2015','17/07/16'),(58,4,'nisl sem, consequat nec, mollis vitae, posuere','24/08/2015','07/04/17'),(94,1,'adipiscing. Mauris molestie pharetra nibh. Aliquam ornare, libero','28/04/2015','01/07/16'),(46,3,'vehicula. Pellentesque tincidunt tempus risus.','24/05/2015','11/03/17');
INSERT INTO "Utilizador" (id_utilizador,nome,descricao,genero,imagem_utilizador,datanasc,e_mail,password,id_pais,classificacao,banido) VALUES (1,'Rhea','dui quis accumsan convallis, ante lectus convallis est, vitae',1,'sit','2424/0505/75757575','magna.Lorem@Inmi.co.uk','VZF13DWO9WH',23,2,1),(2,'Hermione','sem, vitae aliquam eros turpis non',0,'penatibus','0606/1010/84848484','Phasellus@risusQuisquelibero.edu','FBM74UXY3JM',14,2,1),(3,'Hedwig','lacus. Etiam bibendum fermentum metus. Aenean sed pede',1,'non','3131/1010/69696969','Nunc.commodo@mauriseu.co.uk','OAO00HPY0AY',39,5,1),(4,'Melvin','enim. Etiam gravida molestie arcu. Sed eu nibh',1,'aliquam','1616/0303/52525252','netus.et.malesuada@enimEtiam.org','SGN33IMO3TZ',46,3,1),(5,'Harrison','mauris blandit mattis. Cras eget nisi dictum augue malesuada',0,'Aliquam','1717/1010/54545454','Vestibulum@necmaurisblandit.ca','RAJ63FHL6LG',66,5,1),(6,'Zenia','tempus, lorem fringilla ornare placerat, orci',1,'dolor','0303/0303/84848484','tellus.lorem@lorem.com','PAN96ZOO2WB',49,3,0),(7,'Abigail','vel nisl. Quisque fringilla euismod enim. Etiam gravida molestie arcu.',1,'molestie','2424/1111/83838383','dignissim.lacus@ametconsectetueradipiscing.org','GCV85QUP8XR',64,2,1),(8,'Shay','ante. Vivamus non lorem vitae odio',1,'risus.','1717/0202/50505050','Fusce@enimEtiamimperdiet.edu','ZFF63EOJ2CJ',14,5,0),(9,'Austin','urna suscipit nonummy. Fusce fermentum fermentum arcu. Vestibulum ante',0,'molestie','2222/0808/48484848','Sed.auctor.odio@nonleoVivamus.net','GRD61SZT4ZR',68,1,0),(10,'Kuame','nisl. Maecenas malesuada fringilla est. Mauris eu turpis.',0,'vitae,','0404/1212/76767676','orci.adipiscing.non@diam.com','NYV71VYG3DV',99,2,1),(11,'Rhiannon','Nunc quis arcu vel quam dignissim pharetra. Nam ac',0,'placerat,','1414/1212/59595959','eleifend.nec.malesuada@ametluctus.ca','HJJ99EYG0LP',18,5,1),(12,'Brett','pharetra sed, hendrerit a, arcu. Sed et libero. Proin',0,'nonummy','2828/0303/92929292','Vivamus@pharetra.ca','JSS33GEI6JN',58,3,0),(13,'Macy','Suspendisse aliquet molestie tellus. Aenean egestas hendrerit neque. In',1,'Donec','2121/1212/72727272','aliquet.libero.Integer@vehiculaPellentesquetincidunt.net','UKA19TSC0XN',72,4,1),(14,'Nash','Mauris vel turpis. Aliquam adipiscing lobortis risus. In mi pede,',1,'tristique','0303/0303/86868686','Nunc.sollicitudin.commodo@faucibusidlibero.net','KHN53CWD6QA',45,1,0),(15,'Yardley','aliquet libero. Integer in magna. Phasellus dolor elit, pellentesque a,',0,'egestas','1414/0606/90909090','vehicula@mauris.co.uk','XDM77AYE8JB',23,4,1),(16,'Thane','lectus, a sollicitudin orci sem eget massa. Suspendisse',1,'Morbi','1010/0505/93939393','nulla.at@sitamet.ca','RBU13ASQ4WD',63,1,0),(17,'Edward','suscipit nonummy. Fusce fermentum fermentum arcu. Vestibulum',1,'rutrum','1414/1111/44444444','non.vestibulum.nec@Phasellus.com','IWD97KHT1OZ',74,1,0),(18,'Bell','ut odio vel est tempor',0,'adipiscing','0808/0808/41414141','fermentum.convallis.ligula@laciniaorci.net','CVK06AQT0UD',26,5,1),(19,'Rowan','dolor sit amet, consectetuer adipiscing elit. Curabitur sed',1,'mauris','1818/1010/47474747','a.malesuada@Curabitur.ca','PEI18MMZ0QD',15,2,0),(20,'Kevin','habitant morbi tristique senectus et netus',0,'diam','1111/1111/45454545','Cum@Vestibulumanteipsum.co.uk','IHH54WTN5OF',37,5,1),(21,'Avye','arcu et pede. Nunc sed orci lobortis augue scelerisque',1,'consectetuer','0909/1212/84848484','dictum.cursus.Nunc@at.org','DDV70ROQ2RS',68,4,0),(22,'Ulla','libero nec ligula consectetuer rhoncus.',0,'convallis','2626/1212/72727272','sollicitudin.orci@sit.org','IXE61SOR1IO',14,5,1),(23,'Kimberley','Sed diam lorem, auctor quis, tristique ac, eleifend vitae,',0,'luctus.','0707/0505/85858585','eu.euismod@in.ca','JIM82POC6ZM',83,2,0),(24,'Patricia','tellus, imperdiet non, vestibulum nec,',1,'a,','0303/1111/46464646','dictum.cursus@porttitortellusnon.ca','BFA52OYR3KI',83,4,0),(25,'Jaden','in consequat enim diam vel arcu. Curabitur ut odio',0,'ac,','1818/0909/91919191','ipsum.ac.mi@molestieSedid.com','IOY06DRR5EM',62,1,1),(26,'Orson','non arcu. Vivamus sit amet risus. Donec egestas.',0,'vel','1717/0303/86868686','pharetra@musAeneaneget.com','OIA92NYP4UE',16,4,1),(27,'Tobias','sagittis. Nullam vitae diam. Proin dolor.',1,'sem.','1515/0909/54545454','Morbi@nuncnulla.ca','SGG86OTY2UL',43,4,1),(28,'Garth','mus. Donec dignissim magna a tortor.',0,'Curabitur','2222/0808/86868686','per@nisiMaurisnulla.com','WDB14RMT7LE',73,1,0),(29,'Dustin','a, malesuada id, erat. Etiam vestibulum massa',0,'neque.','2525/0202/88888888','magna@diam.ca','LKJ35ZZT6CZ',81,2,0),(30,'Adena','Nulla interdum. Curabitur dictum. Phasellus in felis.',0,'et,','1212/0505/57575757','egestas.lacinia.Sed@nisi.co.uk','IWA07ZPM5SD',7,3,1),(31,'Aretha','odio. Phasellus at augue id ante',1,'enim','1515/0303/51515151','id.risus@molestie.net','TXE52HBC8IY',3,2,0),(32,'Mia','ornare egestas ligula. Nullam feugiat placerat velit.',1,'ullamcorper.','2727/0707/57575757','ullamcorper.Duis.at@dapibusgravida.ca','WBZ72CKB5EO',99,1,1),(33,'Melodie','tellus eu augue porttitor interdum. Sed auctor odio',1,'mi','0101/1010/91919191','faucibus@porttitoreros.com','USA53KSX7WZ',20,1,1),(34,'Alexa','vitae dolor. Donec fringilla. Donec feugiat metus sit amet',0,'In','2727/0808/58585858','amet.massa.Quisque@felispurus.org','NXQ50SSP1TJ',47,1,0),(35,'Melodie','urna justo faucibus lectus, a sollicitudin orci sem eget massa.',0,'ullamcorper','1313/1111/77777777','feugiat@rutrumurna.net','WVS71YKO3JZ',97,5,1),(36,'Ezekiel','eget lacus. Mauris non dui',1,'orci.','0202/0707/53535353','vel.venenatis.vel@pellentesquemassa.com','NNT35SEM0PP',97,4,1),(37,'Camilla','Fusce feugiat. Lorem ipsum dolor sit amet, consectetuer',0,'Aenean','1313/0101/93939393','facilisis.eget.ipsum@utmolestiein.org','PTO44WFQ2IG',63,1,0),(38,'Akeem','ipsum porta elit, a feugiat tellus lorem eu metus. In',1,'lacus','2121/0303/47474747','habitant@etrisus.ca','ULF38VIT2UJ',80,5,0),(39,'Rashad','Nulla eget metus eu erat semper',0,'dolor.','1212/0505/54545454','facilisis.lorem@lectus.edu','ADR66RXL4NP',94,4,0),(40,'Hall','ipsum. Curabitur consequat, lectus sit amet luctus vulputate, nisi',1,'magna','2525/0202/56565656','lacus.pede@volutpatNulla.com','DIN22ZBQ3JY',69,4,0),(41,'Rhona','volutpat ornare, facilisis eget, ipsum. Donec sollicitudin adipiscing',0,'lectus','1616/0909/59595959','Suspendisse.ac.metus@metus.net','FTG16NVR0AC',13,4,1),(42,'Jesse','sapien imperdiet ornare. In faucibus. Morbi vehicula. Pellentesque tincidunt',1,'risus','0606/0909/67676767','mauris@quamvel.co.uk','KNY72ASM5GZ',5,1,0),(43,'Adara','pede. Cras vulputate velit eu sem. Pellentesque ut ipsum',0,'non,','2020/1212/86868686','dictum.eleifend.nunc@fames.ca','FKH63ZOW8TU',37,2,1),(44,'Rama','varius. Nam porttitor scelerisque neque. Nullam nisl. Maecenas',1,'pede.','1616/1010/45454545','faucibus.lectus.a@elit.com','EWL98ZYU5AP',41,5,1),(45,'Dorian','mi. Aliquam gravida mauris ut mi. Duis',1,'In','2828/0505/86868686','bibendum.ullamcorper@egestashendrerit.com','ZBZ13JOV5AU',28,4,0),(46,'Alexander','egestas a, scelerisque sed, sapien. Nunc pulvinar',0,'dolor','1414/0505/85858585','malesuada.id.erat@quam.org','HXW31UKG6BV',35,5,1),(47,'Irma','Nulla facilisis. Suspendisse commodo tincidunt nibh. Phasellus nulla. Integer vulputate,',1,'dignissim','2828/0505/51515151','interdum.libero.dui@gravidaAliquamtincidunt.co.uk','CQB93PHV7PL',46,5,0),(48,'Jelani','eu tellus. Phasellus elit pede,',1,'Nulla','2626/0505/72727272','suscipit@vulputatelacus.net','RAB34EJK4VK',90,5,1),(49,'Nelle','risus, at fringilla purus mauris',1,'nulla.','2929/0909/44444444','metus@liberoatauctor.edu','TSZ60EHU0WP',1,2,0),(50,'Colton','est mauris, rhoncus id, mollis nec, cursus a, enim. Suspendisse',1,'aptent','1818/0404/85858585','eu.lacus@lacusvestibulum.co.uk','BVQ25IEE8YC',39,2,0),(51,'Chancellor','eget massa. Suspendisse eleifend. Cras',0,'justo.','3030/0101/81818181','eget.lacus.Mauris@imperdiet.co.uk','YVR04FOW5TG',3,5,1),(52,'Austin','Aliquam vulputate ullamcorper magna. Sed eu eros. Nam consequat dolor',0,'Mauris','0808/1111/71717171','interdum.libero@justo.org','MLI75SYG1TV',3,2,0),(53,'Iona','ullamcorper viverra. Maecenas iaculis aliquet diam. Sed diam lorem,',1,'In','1313/0707/78787878','eleifend.Cras@imperdietullamcorperDuis.net','APD29HOW1AO',75,3,1),(54,'Ryder','mollis vitae, posuere at, velit. Cras lorem lorem, luctus',0,'nisi.','2222/0909/81818181','congue.a@quisarcuvel.edu','MQO36DXB0QG',36,4,1),(55,'Meredith','condimentum. Donec at arcu. Vestibulum ante ipsum primis in faucibus',1,'Vivamus','1010/1010/49494949','ornare.lectus@nisi.net','TKT78MPK1LF',17,1,0),(56,'Idola','urna. Ut tincidunt vehicula risus. Nulla eget metus eu',0,'risus.','2828/0707/50505050','vulputate.posuere.vulputate@tempus.ca','KRM54WKN0RR',28,4,0),(57,'Sacha','leo. Vivamus nibh dolor, nonummy ac, feugiat non, lobortis',0,'Aenean','2424/0101/44444444','nascetur.ridiculus@atlacusQuisque.edu','YDW16XDO5DT',48,1,0),(58,'Ina','Nunc commodo auctor velit. Aliquam nisl. Nulla eu neque',0,'ipsum.','0303/0404/66666666','Nulla.tempor@Duissitamet.edu','QPX72WQQ3FW',52,2,0),(59,'Dara','est ac mattis semper, dui lectus rutrum',0,'luctus','0202/0202/70707070','at.velit.Pellentesque@ipsumdolor.com','EZP39SCQ2VA',17,5,1),(60,'Shad','ac turpis egestas. Fusce aliquet magna a',0,'elit,','2929/1010/71717171','mollis.lectus@molestie.edu','AFU49EWS8JK',3,3,0),(61,'Brooke','senectus et netus et malesuada',0,'non,','1616/0202/47474747','et.eros.Proin@sagittis.com','JBN10LEW2WN',1,1,0),(62,'Kimberley','Mauris molestie pharetra nibh. Aliquam ornare,',1,'Sed','1414/0303/76767676','bibendum.fermentum@vitae.net','FID58ORR3VB',79,5,0),(63,'Brendan','augue porttitor interdum. Sed auctor odio a purus.',1,'vel','1818/1111/79797979','quis.diam.Pellentesque@est.com','RCP48XAV7VW',59,3,0),(64,'Liberty','molestie tortor nibh sit amet orci. Ut',0,'gravida.','3131/1212/72727272','egestas.nunc.sed@Fuscealiquet.net','TCZ24BRG2UG',45,1,0),(65,'Ursula','elit elit fermentum risus, at fringilla purus mauris a nunc.',0,'Nulla','0606/0909/68686868','eu@sapiengravida.com','TZW61YQO3GS',87,1,0),(66,'Kimberly','ac mattis semper, dui lectus rutrum',1,'euismod','0303/1010/89898989','Nulla.eget@Nullatincidunt.net','OPW39DMO1KF',56,3,1),(67,'Armand','et ipsum cursus vestibulum. Mauris magna.',1,'lorem','1313/0101/58585858','Integer.aliquam@ullamcorperviverraMaecenas.edu','LIU05WHC3OW',26,4,1),(68,'Zenaida','adipiscing ligula. Aenean gravida nunc sed pede.',0,'eu','2424/0707/57575757','vel@lacusQuisque.net','BXS43ONS4JJ',8,3,1),(69,'Freya','sagittis placerat. Cras dictum ultricies ligula. Nullam',0,'Aliquam','1414/0404/93939393','lectus.convallis.est@aliquetPhasellus.com','IBR07CER9LJ',9,3,0),(70,'Raja','nunc interdum feugiat. Sed nec metus facilisis',1,'penatibus','0606/0707/88888888','pharetra@necante.co.uk','CQR07WSK8SI',93,1,0),(71,'Hakeem','erat volutpat. Nulla dignissim. Maecenas ornare egestas ligula.',0,'Maecenas','2121/1111/93939393','iaculis.aliquet@Quisque.co.uk','JPA80RTW8IM',84,1,0),(72,'Uma','at arcu. Vestibulum ante ipsum primis',1,'magna.','1919/0303/58585858','aliquam.iaculis@tempusnon.org','TRZ81QGZ8QM',80,1,0),(73,'Shelly','eu turpis. Nulla aliquet. Proin velit.',0,'vitae','3131/1010/63636363','Aliquam@ipsumnuncid.org','TMA39LTP4JZ',82,5,1),(74,'Gabriel','est ac facilisis facilisis, magna tellus faucibus leo, in lobortis',0,'gravida','2626/1010/50505050','Nam.tempor@sapiencursusin.com','YKE76FTI8NE',84,4,0),(75,'Camilla','iaculis odio. Nam interdum enim non',1,'et','1212/1010/59595959','tellus.lorem@et.com','KZO76AZW1PL',98,3,1),(76,'Hedley','purus. Duis elementum, dui quis accumsan convallis, ante lectus',1,'vel','1414/1111/83838383','Donec.nibh@odio.com','ONA22PZV9CY',5,2,0),(77,'Cecilia','sed orci lobortis augue scelerisque mollis. Phasellus libero mauris,',0,'augue.','0505/1010/66666666','non.lorem@loremDonec.co.uk','KWZ10MVH0IH',43,5,0),(78,'Stuart','auctor non, feugiat nec, diam. Duis',0,'sit','0404/1111/50505050','risus@euaugueporttitor.org','OXZ20OCJ6VK',45,5,1),(79,'Branden','felis ullamcorper viverra. Maecenas iaculis aliquet diam. Sed diam',0,'sem,','2727/1010/50505050','adipiscing.elit@sedsapien.ca','FXL47FSZ9BM',57,5,1),(80,'Tatyana','mattis ornare, lectus ante dictum',1,'Cras','2222/0202/56565656','nec@vehicula.edu','KHO62IKI5XI',48,2,1),(81,'Guinevere','Aliquam erat volutpat. Nulla dignissim. Maecenas ornare egestas ligula.',0,'Pellentesque','2626/0808/63636363','in@interdumCurabiturdictum.co.uk','ZKK62TFS4KT',2,4,1),(82,'Kerry','tellus non magna. Nam ligula elit, pretium et,',0,'Phasellus','1515/0101/47474747','nec.leo@cursus.ca','ECL01CGA2VB',8,2,0),(83,'Christine','elit sed consequat auctor, nunc nulla vulputate dui, nec',1,'est','2222/0303/52525252','molestie@purusMaecenaslibero.com','HGG32CBM6VS',43,5,1),(84,'Ahmed','Curabitur dictum. Phasellus in felis. Nulla tempor augue ac',1,'tincidunt','2424/0909/52525252','Fusce.mollis.Duis@Fuscemollis.edu','USQ50UQK4HG',45,4,0),(85,'Melanie','Suspendisse non leo. Vivamus nibh dolor,',0,'vel,','2222/0808/52525252','ac.risus.Morbi@purusDuis.ca','UYX24HKK6HF',42,3,1),(86,'Yvonne','eget nisi dictum augue malesuada',0,'velit.','2929/0707/61616161','ut@tortornibh.co.uk','VFS20CVT5JI',99,3,0),(87,'Acton','ullamcorper. Duis cursus, diam at pretium aliquet, metus',0,'Donec','2727/0909/73737373','molestie@eleifend.com','BOC66EZP0HU',95,2,1),(88,'Macon','eu, ultrices sit amet, risus. Donec nibh enim, gravida',1,'ridiculus','2222/1212/43434343','consectetuer.cursus@torquent.com','GXT63YMF8XQ',11,5,0),(89,'Whoopi','cursus et, magna. Praesent interdum ligula',1,'tellus','2222/0909/81818181','dictum@ac.org','MJE66YRL0HN',10,1,1),(90,'Kitra','fermentum risus, at fringilla purus mauris a nunc.',0,'ipsum.','1717/0101/85858585','commodo.hendrerit.Donec@elitdictum.com','BWU13DCE2HN',53,2,1),(91,'Allen','enim. Nunc ut erat. Sed nunc est, mollis non, cursus',1,'Aliquam','0505/1111/43434343','malesuada.ut@Fuscefermentumfermentum.net','VTK54OLG2ZF',50,2,0),(92,'Mufutau','Sed nulla ante, iaculis nec, eleifend non, dapibus rutrum,',0,'tellus','0404/1010/66666666','vulputate.velit@odio.co.uk','ZUQ84DFC6LA',33,5,0),(93,'Rosalyn','quis accumsan convallis, ante lectus',0,'Nullam','1010/0404/81818181','ut.molestie.in@nunc.ca','RMS69CST7HC',42,5,1),(94,'Deborah','sagittis felis. Donec tempor, est ac',0,'rhoncus.','1414/0707/77777777','mattis.Cras.eget@nec.co.uk','EGN69GDV4GA',59,3,1),(95,'Vivien','nec enim. Nunc ut erat. Sed nunc est, mollis non,',1,'facilisis.','2828/0202/80808080','sapien.molestie.orci@seddictum.org','TDU74BTA2LB',84,3,0),(96,'Tara','augue id ante dictum cursus. Nunc mauris',0,'vehicula','1818/1010/53535353','eu.odio.Phasellus@Donecfelisorci.co.uk','FTA21JFP1JD',77,4,0),(97,'Cruz','nisi. Aenean eget metus. In nec orci. Donec nibh. Quisque',1,'Proin','2929/1212/63636363','iaculis@dignissimtempor.ca','DKF28XDH3OM',24,2,0),(98,'Amethyst','at, egestas a, scelerisque sed, sapien. Nunc pulvinar',1,'consectetuer','1515/0606/52525252','eros.Nam.consequat@sollicitudincommodoipsum.ca','HYE42XEJ0OD',2,3,1),(99,'Jaime','non quam. Pellentesque habitant morbi tristique senectus',1,'non','1313/0707/72727272','gravida.mauris.ut@egestas.co.uk','ZWH91IQX4BN',22,3,1),(100,'Barbara','et libero. Proin mi. Aliquam gravida mauris',1,'augue','2222/0505/66666666','velit@cursus.com','EVT79CUB7UX',34,1,0);
INSERT INTO "UtilizadorModerador"(id_utilizador) VALUES (1),(2),(3),(4),(5);
INSERT INTO "UtilizadorAdmnistrador"(id_utilizador) VALUES (6),(7),(8),(9),(10);
INSERT INTO "EstadoLeilao" (id_estado_leilao,valor_actual,estado_leilao,motivo) VALUES (1,'€88.71','aberto','nec, mollis vitae, posuere at, velit. Cras lorem'),(2,'€11.93','fechado','natoque penatibus et magnis dis'),(3,'€68.23','cancelado','ridiculus mus. Proin vel nisl. Quisque fringilla euismod enim. Etiam'),(4,'€29.44','aberto','facilisis vitae, orci.'),(5,'€12.35','aberto','lorem lorem, luctus ut, pellentesque eget, dictum placerat,'),(6,'€33.46','aberto','Sed dictum. Proin eget odio. Aliquam'),(7,'€20.10','cancelado','per conubia nostra, per inceptos hymenaeos. Mauris'),(8,'€94.94','cancelado.','nostra, per inceptos hymenaeos. Mauris ut quam vel sapien'),(9,'€37.29','cancelado','urna convallis erat, eget tincidunt dui augue eu tellus.'),(10,'€25.17','orci','cancelado. Mauris ut quam vel sapien imperdiet ornare. In'),(11,'€58.34','fechado','eget, volutpat ornare, facilisis eget,'),(12,'€20.40','fechado','id, ante. Nunc mauris'),(13,'€53.67','fechado.','vitae, aliquet nec, imperdiet nec, leo. Morbi neque tellus,'),(14,'€66.33','fechado','velit. Pellentesque ultricies dignissim'),(15,'€50.04','fechado.','Morbi accumsan laoreet ipsum. Curabitur consequat, lectus sit amet'),(16,'€64.82','fechado','ipsum cursus vestibulum. Mauris magna.'),(17,'€48.39','fechado','et ultrices posuere cubilia Curae; Phasellus ornare. Fusce mollis.'),(18,'€16.68','fechado','neque pellentesque massa lobortis ultrices. Vivamus rhoncus. Donec est. Nunc'),(19,'€89.00','fechado','dolor quam, elementum at, egestas a, scelerisque'),(20,'€17.45','aberto','egestas rhoncus. Proin nisl sem, consequat'),(21,'€82.18','aberto','ligula tortor, dictum eu, placerat eget, venenatis a, magna.'),(22,'€58.81','aberto','mollis dui, in sodales elit erat vitae risus. Duis'),(23,'€2.12','aberto','euismod mauris eu elit. Nulla facilisi. Sed'),(24,'€56.93','aberto','vitae dolor. Donec fringilla. Donec feugiat metus sit amet ante.'),(25,'€53.88','aberto','urna suscipit nonummy. Fusce fermentum fermentum'),(26,'€5.84','aberto','pharetra ut, pharetra sed, hendrerit a,'),(27,'€91.36','aberto','viverra. Maecenas iaculis aliquet diam. Sed diam lorem, auctor quis,'),(28,'€52.90','aberto','Sed eget lacus. Mauris non dui nec'),(29,'€65.65','aberto','libero et tristique pellentesque, tellus sem mollis dui,'),(30,'€60.20','aberto','eros. Proin ultrices. Duis volutpat nunc sit amet'),(31,'€11.00','aberto','est. Nunc ullamcorper,'),(32,'€31.21','aberto','Phasellus libero mauris, aliquam eu, accumsan'),(33,'€22.16','aberto','semper. Nam tempor diam dictum sapien. Aenean massa.'),(34,'€48.16','aberto','orci lacus vestibulum'),(35,'€32.80','aberto','Donec est mauris,'),(36,'€43.05','aberto','sagittis augue, eu tempor erat neque non quam.'),(37,'€37.75','aberto','dolor sit amet, consectetuer adipiscing elit. Etiam'),(38,'€98.02','aberto','euismod in, dolor.'),(39,'€95.50','aberto','feugiat. Sed nec metus facilisis lorem tristique aliquet.'),(40,'€53.99','lectus','condimentum eget, volutpat ornare,'),(41,'€6.53','faucibus','lorem, luctus ut, pellentesque'),(42,'€77.84','Nam','nunc sed libero. Proin sed'),(43,'€38.81','interdum','eu eros. Nam consequat'),(44,'€65.43','dui.','pharetra. Quisque ac libero nec ligula consectetuer rhoncus. Nullam'),(45,'€67.98','Nulla','ultrices posuere cubilia Curae; Phasellus ornare. Fusce'),(46,'€24.40','volutpat.','Nulla dignissim. Maecenas ornare egestas ligula. Nullam'),(47,'€91.40','ligula','ipsum sodales purus, in molestie tortor'),(48,'€68.39','non','Etiam ligula tortor, dictum eu, placerat eget, venenatis a, magna.'),(49,'€1.68','eu','per inceptos hymenaeos. Mauris ut quam'),(50,'€18.07','faucibus','adipiscing elit. Curabitur sed'),(51,'€2.60','pede','Quisque imperdiet, erat'),(52,'€98.65','eu,','in felis. Nulla tempor augue ac ipsum. Phasellus vitae mauris'),(53,'€63.15','dolor','auctor non, feugiat nec, diam. Duis mi enim, condimentum'),(54,'€86.42','lectus','dui. Cum sociis natoque penatibus et magnis dis parturient'),(55,'€70.63','Nam','ante ipsum primis in faucibus orci luctus'),(56,'€62.46','Class','eleifend egestas. Sed pharetra, felis eget varius ultrices, mauris'),(57,'€97.28','luctus','lobortis augue scelerisque'),(58,'€96.20','blandit','In nec orci. Donec nibh. Quisque'),(59,'€38.00','blandit.','arcu. Sed eu nibh vulputate mauris sagittis'),(60,'€72.58','Nunc','sem molestie sodales. Mauris blandit enim'),(61,'€28.85','amet,','justo nec ante. Maecenas mi felis, adipiscing fringilla, porttitor'),(62,'€78.41','ullamcorper.','sit amet lorem semper auctor. Mauris'),(63,'€51.37','rutrum,','sem magna nec quam. Curabitur'),(64,'€34.48','semper','feugiat. Lorem ipsum dolor sit amet, consectetuer adipiscing'),(65,'€56.67','enim','Nunc lectus pede, ultrices a, auctor'),(66,'€75.28','aberto','mattis semper, dui lectus rutrum urna, nec'),(67,'€55.24','aberto,','est ac facilisis facilisis, magna tellus faucibus leo, in lobortis'),(68,'€87.26','aberto','Donec felis orci, adipiscing non, luctus sit amet,'),(69,'€88.00','cancelado','orci lacus vestibulum lorem, sit amet ultricies'),(70,'€29.42','cancelado','at pede. Cras vulputate velit eu sem.'),(71,'€81.10','cancelado','eget odio. Aliquam vulputate ullamcorper magna.'),(72,'€61.25','cancelado','gravida molestie arcu. Sed eu nibh vulputate'),(73,'€68.30','cancelado','lacinia vitae, sodales at, velit. Pellentesque ultricies dignissim'),(74,'€17.46','fechado.','quis urna. Nunc quis arcu vel quam'),(75,'€26.54','fechado','Curae; Donec tincidunt. Donec vitae'),(76,'€28.95','fechado,','Integer in magna. Phasellus dolor elit, pellentesque'),(77,'€2.50','fechado.','arcu. Aliquam ultrices iaculis odio. Nam interdum enim non'),(78,'€72.78','fechado','ligula elit, pretium et, rutrum'),(79,'€31.04','fechado,','Vivamus rhoncus. Donec est. Nunc ullamcorper,'),(80,'€8.77','fechado,','elit. Etiam laoreet, libero'),(81,'€72.25','fechado','arcu et pede. Nunc sed orci lobortis augue scelerisque'),(82,'€31.59','fechado','cursus luctus, ipsum leo elementum'),(83,'€27.76','fechado','sit amet, consectetuer adipiscing elit. Etiam laoreet, libero'),(84,'€84.07','aberto,','leo elementum sem, vitae'),(85,'€68.28','aberto','Phasellus dapibus quam quis diam. Pellentesque'),(86,'€67.49','aberto.','et, rutrum non, hendrerit id,'),(87,'€41.31','aberto','odio semper cursus. Integer mollis. Integer tincidunt aliquam'),(88,'€40.72','aberto','Aliquam auctor, velit eget laoreet posuere, enim nisl elementum'),(89,'€58.12','aberto','tincidunt, nunc ac mattis ornare,'),(90,'€38.27','erat','ipsum non arcu.'),(91,'€92.00','aberto.','tellus id nunc interdum feugiat. Sed nec metus'),(92,'€88.27','aberto','mauris, aliquam eu, accumsan sed, facilisis'),(93,'€25.15','aberto,','urna, nec luctus felis purus ac tellus.'),(94,'€23.42','aberto','Vivamus euismod urna. Nullam lobortis quam a'),(95,'€84.09','aberto','habitant morbi tristique senectus et'),(96,'€17.05','aberto','amet, risus. Donec nibh enim, gravida sit amet, dapibus'),(97,'€85.96','aberto','ornare lectus justo eu'),(98,'€21.09','aberto.','ut, nulla. Cras eu tellus eu augue porttitor'),(99,'€39.73','aberto,','eros. Proin ultrices. Duis volutpat'),(100,'€15.77','aberto,','odio a purus. Duis elementum, dui');
INSERT INTO "Pais" (id_pais,nome_pais) VALUES (1,'Oman'),(2,'Honduras'),(3,'Martinique'),(4,'Saint Kitts and Nevis'),(5,'Zambia'),(6,'Saint Helena, Ascension and Tristan da Cunha'),(7,'Thailand'),(8,'Western Sahara'),(9,'Bulgaria'),(10,'Nepal'),(11,'Cambodia'),(12,'Myanmar'),(13,'Moldova'),(14,'Wallis and Futuna'),(15,'Equatorial Guinea'),(16,'Namibia'),(17,'Mali'),(18,'Haiti'),(19,'Brazil'),(20,'Syria'),(21,'Martinique'),(22,'Luxembourg'),(23,'Netherlands'),(24,'Korea, South'),(25,'Bulgaria'),(26,'Kiribati'),(27,'Oman'),(28,'Viet Nam'),(29,'Sweden'),(30,'Paraguay'),(31,'Falkland Islands'),(32,'Cape Verde'),(33,'Guadeloupe'),(34,'Anguilla'),(35,'Spain'),(36,'Honduras'),(37,'Congo, the Democratic Republic of the'),(38,'Mayotte'),(39,'Andorra'),(40,'Aruba'),(41,'Tanzania'),(42,'British Indian Ocean Territory'),(43,'Brazil'),(44,'Burkina Faso'),(45,'Monaco'),(46,'Austria'),(47,'Afghanistan'),(48,'Malta'),(49,'Burkina Faso'),(50,'Croatia'),(51,'Poland'),(52,'Greenland'),(53,'Senegal'),(54,'Hungary'),(55,'Niger'),(56,'Mauritius'),(57,'Togo'),(58,'Nauru'),(59,'Bhutan'),(60,'Algeria'),(61,'Dominica'),(62,'Mauritius'),(63,'Wallis and Futuna'),(64,'Solomon Islands'),(65,'Guatemala'),(66,'Virgin Islands, United States'),(67,'Bahrain'),(68,'Switzerland'),(69,'Guam'),(70,'Saint Kitts and Nevis'),(71,'Namibia'),(72,'Afghanistan'),(73,'Côte D''Ivoire (Ivory Coast)'),(74,'Brunei'),(75,'Egypt'),(76,'Algeria'),(77,'Congo, the Democratic Republic of the'),(78,'Burkina Faso'),(79,'Kazakhstan'),(80,'Germany'),(81,'Slovenia'),(82,'Niger'),(83,'Zimbabwe'),(84,'Kyrgyzstan'),(85,'Japan'),(86,'Peru'),(87,'Faroe Islands'),(88,'Chile'),(89,'Mauritania'),(90,'Switzerland'),(91,'Togo'),(92,'Brunei'),(93,'Zambia'),(94,'San Marino'),(95,'Latvia'),(96,'Cape Verde'),(97,'Tokelau'),(98,'Benin'),(99,'Croatia'),(100,'American Samoa');
INSERT INTO "Categoria" (id_categoria,descricao) VALUES (1,'orci'),(2,'imperdiet'),(3,'est'),(4,'mi'),(5,'parturient'),(6,'sed'),(7,'egestas,'),(8,'nisi'),(9,'Sed'),(10,'Curabitur'),(11,'lacus,'),(12,'magna.'),(13,'nisi'),(14,'ac,'),(15,'sed,'),(16,'felis'),(17,'ante.'),(18,'vehicula'),(19,'mi,'),(20,'et'),(21,'nec'),(22,'Cras'),(23,'eget,'),(24,'Duis'),(25,'cursus.'),(26,'Nam'),(27,'sed'),(28,'magnis'),(29,'nulla'),(30,'sollicitudin'),(31,'et'),(32,'ac'),(33,'Mauris'),(34,'ac'),(35,'eu'),(36,'ligula.'),(37,'morbi'),(38,'fermentum'),(39,'ligula'),(40,'Mauris'),(41,'arcu.'),(42,'at'),(43,'metus'),(44,'metus'),(45,'blandit'),(46,'a,'),(47,'eros'),(48,'Sed'),(49,'Sed'),(50,'leo.'),(51,'auctor'),(52,'elit'),(53,'nunc.'),(54,'semper'),(55,'tincidunt'),(56,'lorem,'),(57,'ipsum.'),(58,'Sed'),(59,'interdum.'),(60,'malesuada'),(61,'taciti'),(62,'bibendum'),(63,'ipsum.'),(64,'ac,'),(65,'lobortis'),(66,'morbi'),(67,'ut,'),(68,'pede'),(69,'dictum'),(70,'et,'),(71,'Suspendisse'),(72,'Duis'),(73,'vitae,'),(74,'interdum.'),(75,'vulputate,'),(76,'mollis.'),(77,'dignissim'),(78,'at,'),(79,'amet'),(80,'porttitor'),(81,'posuere,'),(82,'id,'),(83,'quis'),(84,'eu,'),(85,'nulla.'),(86,'laoreet'),(87,'neque'),(88,'pharetra'),(89,'vitae'),(90,'malesuada'),(91,'nunc'),(92,'sapien'),(93,'ultrices.'),(94,'vitae'),(95,'adipiscing,'),(96,'Sed'),(97,'felis'),(98,'sem'),(99,'laoreet'),(100,'a');
